Date;Price;Open;High;Low;Vol.;Change %
12/31/2020;32.94;32.88;33.21;32.57;0.15K;1.60%
12/30/2020;32.42;33.45;33.57;32.33;1.28K;-2.50%
12/29/2020;33.25;33.41;33.49;32.94;0.36K;-1.22%
12/28/2020;33.66;32.70;33.61;32.70;0.13K;3.86%
12/24/2020;32.41;32.31;32.61;32.06;0.42K;0.81%
12/23/2020;32.15;31.72;32.21;31.61;0.43K;2.42%
12/22/2020;31.39;30.93;31.56;30.73;0.69K;0.80%
12/21/2020;31.14;30.86;31.18;29.98;0.84K;-0.70%
12/18/2020;31.36;31.95;31.96;31.06;1.55K;-2.64%
12/17/2020;32.21;32.14;32.62;31.80;1.29K;0.56%
12/16/2020;32.03;32.54;32.70;31.69;2.30K;-1.23%
12/15/2020;32.43;31.57;32.61;31.54;3.10K;3.71%
12/14/2020;31.27;30.83;31.85;30.83;3.82K;0.94%
12/11/2020;30.98;31.30;31.77;30.80;4.81K;-1.21%
12/10/2020;31.36;30.11;31.45;30.11;7.88K;3.98%
12/09/2020;30.16;30.48;30.60;30.11;7.21K;0.47%
12/08/2020;30.02;30.04;30.40;30.00;4.10K;-0.17%
12/07/2020;30.07;30.31;30.31;29.91;2.65K;-1.64%
12/04/2020;30.57;29.41;30.75;29.41;2.62K;3.77%
12/03/2020;29.46;29.80;30.05;29.37;1.12K;-1.83%
12/02/2020;30.01;29.46;30.10;29.17;2.37K;2.32%
12/01/2020;29.33;29.69;30.23;29.23;2.82K;-0.91%
11/30/2020;29.60;28.58;29.80;28.53;1.42K;3.53%
11/27/2020;28.59;28.78;29.10;28.34;3.84K;0.18%
11/26/2020;28.54;27.90;28.62;27.82;7.64K;1.78%
11/25/2020;28.04;28.05;28.45;27.98;6.91K;0.00%
11/24/2020;28.04;27.49;28.07;27.36;4.07K;1.34%
11/23/2020;27.67;27.66;27.75;27.51;1.62K;1.92%
11/20/2020;27.15;26.70;27.34;26.70;4.53K;1.50%
11/19/2020;26.75;27.40;27.47;26.75;0.63K;-3.04%
11/18/2020;27.59;28.06;28.20;27.53;0.62K;2.03%
11/17/2020;27.04;27.40;27.49;26.98;2.95K;-2.70%
11/16/2020;27.79;27.00;27.80;26.99;2.50K;4.16%
11/13/2020;26.68;26.37;26.92;26.37;1.94K;1.37%
11/12/2020;26.32;26.33;26.48;26.18;1.06K;-0.75%
11/11/2020;26.52;26.96;27.42;26.65;1.59K;-0.45%
11/10/2020;26.64;26.74;26.94;26.60;1.24K;-1.22%
11/09/2020;26.97;26.47;27.38;25.83;0.60K;4.33%
11/06/2020;25.85;26.08;26.45;25.70;1.28K;-2.19%
11/05/2020;26.43;25.55;26.59;25.43;0.60K;3.36%
11/04/2020;25.57;24.79;25.64;24.35;1.81K;2.86%
11/03/2020;24.86;24.38;25.09;24.38;1.89K;2.94%
11/02/2020;24.15;24.00;24.17;23.30;0.95K;-0.17%
10/30/2020;24.19;23.77;24.62;23.69;2.46K;0.17%
10/29/2020;24.15;23.40;24.50;23.40;1.66K;2.68%
10/28/2020;23.52;24.05;24.05;23.40;1.76K;-4.20%
10/27/2020;24.55;24.19;24.75;24.00;1.11K;0.82%
10/26/2020;24.35;25.37;25.37;24.25;0.41K;-6.27%
10/23/2020;25.98;24.98;26.05;24.98;1.10K;5.27%
10/22/2020;24.68;23.80;24.56;23.64;3.02K;2.58%
10/21/2020;24.06;24.90;24.90;23.89;3.77K;-3.45%
10/20/2020;24.92;25.10;25.10;24.75;0.60K;-2.24%
10/19/2020;25.49;25.35;25.67;25.17;1.68K;0.35%
10/16/2020;25.40;25.68;25.90;25.40;0.84K;-0.31%
10/15/2020;25.48;25.92;25.93;25.17;3.41K;-3.04%
10/14/2020;26.28;25.65;26.38;25.61;1.48K;2.10%
10/13/2020;25.74;26.20;26.20;25.70;4.26K;-2.50%
10/12/2020;26.40;26.05;26.40;25.80;1.40K;0.61%
10/09/2020;26.24;26.91;26.94;26.07;0.75K;-2.38%
10/08/2020;26.88;27.49;27.50;26.84;1.55K;-2.04%
10/07/2020;27.44;27.16;28.17;27.15;1.49K;0.37%
10/06/2020;27.34;27.48;27.54;27.00;0.56K;-0.55%
10/05/2020;27.49;27.40;27.74;27.20;0.50K;-0.36%
10/02/2020;27.59;26.96;27.95;26.65;1.01K;1.92%
10/01/2020;27.07;27.66;27.69;26.83;0.68K;-1.56%
09/30/2020;27.50;27.18;27.67;27.12;2.97K;0.51%
09/29/2020;27.36;28.01;28.12;27.35;2.38K;-3.25%
09/28/2020;28.28;27.00;28.27;26.70;1.72K;5.72%
09/25/2020;26.75;27.30;27.30;26.63;2.40K;-2.37%
09/24/2020;27.40;26.90;27.40;26.73;1.47K;1.03%
09/23/2020;27.12;28.42;28.42;27.13;1.29K;-4.74%
09/22/2020;28.47;27.32;27.70;26.49;0.66K;5.25%
09/21/2020;27.05;28.47;28.47;26.95;5.52K;-5.68%
09/18/2020;28.68;29.45;29.47;28.71;0.73K;-1.54%
09/17/2020;29.13;30.15;30.23;29.07;6.15K;-5.14%
09/16/2020;30.71;30.60;30.75;29.92;1.22K;0.59%
09/15/2020;30.53;31.38;31.40;30.47;1.44K;-2.15%
09/14/2020;31.20;29.35;31.23;29.28;0.22K;7.62%
09/11/2020;28.99;29.19;29.19;28.27;0.23K;-0.55%
09/10/2020;29.15;28.26;28.96;28.12;1.01K;4.33%
09/09/2020;27.94;27.04;27.99;27.04;1.25K;1.49%
09/08/2020;27.53;28.49;28.58;27.48;0.36K;-1.01%
09/07/2020;27.81;28.27;28.27;27.47;0.83K;-1.14%
09/04/2020;28.13;29.28;29.71;28.06;1.46K;-4.74%
09/03/2020;29.53;28.90;29.73;28.90;2.13K;1.62%
09/02/2020;29.06;28.85;29.25;28.55;0.74K;1.57%
09/01/2020;28.61;29.43;29.43;28.62;0.75K;-3.12%
08/31/2020;29.53;30.43;30.43;29.57;0.33K;-2.80%
08/28/2020;30.38;29.87;30.69;29.82;0.86K;3.93%
08/27/2020;29.23;29.45;29.78;29.00;1.08K;-0.85%
08/26/2020;29.48;29.38;30.01;29.21;0.75K;0.07%
08/25/2020;29.46;28.70;29.57;28.39;3.27K;4.03%
08/24/2020;28.32;27.50;28.13;27.43;3.71K;6.95%
08/21/2020;26.48;26.50;26.51;26.18;1.93K;-1.01%
08/20/2020;26.75;27.00;27.10;26.52;3.59K;-1.22%
08/19/2020;27.08;27.39;27.60;27.03;1.11K;-1.20%
08/18/2020;27.41;27.20;27.66;27.05;1.89K;0.88%
08/17/2020;27.17;26.50;27.23;25.95;1.49K;3.07%
08/14/2020;26.36;26.32;26.37;25.94;0.37K;0.23%
08/13/2020;26.30;26.86;27.05;26.22;4.52K;-2.12%
08/12/2020;26.87;26.65;26.93;26.49;0.22K;-0.78%
08/11/2020;27.08;27.96;27.96;27.03;0.78K;-1.88%
08/10/2020;27.60;27.96;27.96;27.31;3.24K;1.02%
08/07/2020;27.32;27.05;27.58;26.89;0.67K;0.07%
08/06/2020;27.30;27.80;28.27;27.34;0.51K;-1.41%
08/05/2020;27.69;27.64;27.80;27.64;0.67K;-0.22%
08/04/2020;27.75;27.27;27.77;27.05;1.90K;2.47%
08/03/2020;27.08;27.45;27.45;26.50;0.37K;-0.51%
07/31/2020;27.22;26.78;27.69;26.77;3.41K;2.79%
07/30/2020;26.48;26.96;26.96;26.09;0.61K;-2.40%
07/29/2020;27.13;26.75;27.26;26.70;0.56K;1.72%
07/28/2020;26.67;26.33;26.63;25.95;1.49K;2.93%
07/27/2020;25.91;27.00;27.00;25.80;2.01K;-4.99%
07/24/2020;27.27;27.78;27.79;27.12;2.49K;-3.40%
07/23/2020;28.23;27.65;28.26;27.47;0.12K;2.54%
07/22/2020;27.53;27.15;27.66;26.80;3.85K;0.07%
07/21/2020;27.51;27.85;27.85;26.93;3.99K;1.51%
07/20/2020;27.10;27.80;27.96;26.89;0.78K;-5.77%
07/17/2020;28.76;28.12;28.59;27.74;0.57K;3.94%
07/16/2020;27.67;29.75;30.20;27.80;5.69K;-6.84%
07/15/2020;29.70;30.92;31.24;29.84;0.68K;-2.50%
07/14/2020;30.46;30.20;30.45;29.70;0.56K;1.06%
07/13/2020;30.14;30.11;31.35;29.99;1.79K;1.21%
07/10/2020;29.78;28.96;29.01;28.61;0.15K;1.40%
07/09/2020;29.37;30.03;30.03;29.16;0.31K;-2.30%
07/08/2020;30.06;29.50;29.56;29.05;0.63K;-0.20%
07/07/2020;30.12;30.25;30.52;30.00;0.20K;-1.02%
07/06/2020;30.43;29.45;30.32;29.45;0.14K;6.25%
07/03/2020;28.64;27.60;28.63;27.57;0.47K;1.96%
07/02/2020;28.09;28.05;28.57;28.03;1.28K;-1.16%
07/01/2020;28.42;27.55;28.80;27.47;0.42K;2.67%
06/30/2020;27.68;27.15;27.90;26.89;0.91K;1.21%
06/29/2020;27.35;25.59;27.17;25.50;0.42K;7.42%
06/26/2020;25.46;25.98;26.12;25.66;0.64K;-1.77%
06/25/2020;25.92;25.90;26.08;25.58;1.22K;-0.84%
06/24/2020;26.14;25.80;26.42;25.55;0.32K;-0.04%
06/23/2020;26.15;25.29;26.20;25.28;1.45K;3.44%
06/22/2020;25.28;24.56;25.34;24.56;0.95K;1.44%
06/19/2020;24.92;25.04;25.30;24.83;0.09K;-1.23%
06/18/2020;25.23;23.54;25.13;23.50;0.53K;7.27%
06/17/2020;23.52;23.61;23.66;23.23;0.38K;-0.13%
06/16/2020;23.55;23.49;24.00;23.49;0.19K;2.70%
06/15/2020;22.93;22.44;22.95;22.43;0.35K;0.66%
06/12/2020;22.78;22.90;22.90;22.66;0.22K;-1.13%
06/11/2020;23.04;23.14;23.15;23.02;0.11K;-2.70%
06/10/2020;23.68;23.06;23.23;23.02;0.16K;1.89%
06/09/2020;23.24;23.32;23.37;23.11;0.49K;-1.02%
06/08/2020;23.48;23.52;23.63;23.47;0.17K;-2.25%
06/05/2020;24.02;22.94;23.91;22.80;0.50K;4.53%
06/04/2020;22.98;22.72;22.87;22.59;0.16K;0.57%
06/03/2020;22.85;22.82;22.82;22.46;0.58K;0.04%
06/02/2020;22.84;22.06;22.86;22.06;1.18K;5.01%
06/01/2020;21.75;22.07;22.07;21.74;0.10K;-1.94%
05/29/2020;22.18;22.24;22.60;22.13;0.49K;0.64%
05/28/2020;22.04;22.01;22.06;21.70;0.86K;-0.41%
05/27/2020;22.13;22.23;22.23;22.05;2.07K;-1.21%
05/26/2020;22.40;22.36;22.95;22.21;1.84K;0.09%
05/25/2020;22.38;22.24;22.39;22.08;0.07K;0.86%
05/22/2020;22.19;21.65;22.17;21.39;1.19K;1.00%
05/21/2020;21.97;22.27;22.27;21.93;0.12K;-0.41%
05/20/2020;22.06;20.99;22.07;20.98;0.69K;6.26%
05/19/2020;20.76;21.00;21.10;20.75;4.54K;-1.80%
05/18/2020;21.14;20.30;21.16;20.20;1.75K;5.91%
05/15/2020;19.96;20.00;20.00;19.85;1.12K;1.73%
05/14/2020;19.62;19.28;19.64;19.26;0.13K;0.82%
05/13/2020;19.46;19.28;19.59;19.20;0.33K;0.78%
05/12/2020;19.31;19.63;19.88;19.30;0.62K;-2.77%
05/11/2020;19.86;19.88;19.94;19.74;1.07K;-1.54%
05/08/2020;20.17;20.44;20.45;20.02;0.08K;-0.88%
05/07/2020;20.35;19.70;20.40;19.70;0.72K;2.62%
05/06/2020;19.83;19.71;20.00;19.59;1.45K;-0.45%
05/05/2020;19.92;20.40;20.50;19.70;0.31K;-1.29%
05/04/2020;20.18;19.81;20.11;19.61;0.13K;1.92%
05/01/2020;19.80;19.90;19.98;19.85;0.69K;-2.89%
04/30/2020;20.39;21.22;21.22;20.09;0.47K;-2.90%
04/29/2020;21.00;21.29;21.40;20.86;1.17K;-0.19%
04/28/2020;21.04;20.93;21.50;20.82;0.88K;-0.24%
04/27/2020;21.09;21.74;21.74;20.75;0.16K;-2.04%
04/24/2020;21.53;21.50;21.91;21.38;0.10K;-1.33%
04/23/2020;21.82;21.23;21.85;21.23;0.54K;1.72%
04/22/2020;21.45;20.41;22.03;20.28;4.09K;3.92%
04/21/2020;20.64;21.41;21.48;20.68;0.74K;-6.82%
04/20/2020;22.15;22.20;22.28;21.84;0.35K;-1.47%
04/17/2020;22.48;23.00;23.00;22.11;0.19K;3.64%
04/16/2020;21.69;20.45;21.86;20.45;1.19K;8.34%
04/15/2020;20.02;20.34;20.45;19.74;2.80K;-2.67%
04/14/2020;20.57;21.22;21.33;20.53;0.35K;-5.90%
04/09/2020;21.86;22.22;22.49;21.82;0.16K;-0.32%
04/08/2020;21.93;21.30;21.91;20.87;0.26K;2.96%
04/07/2020;21.30;21.67;22.45;21.21;0.63K;0.61%
04/06/2020;21.17;19.20;21.11;19.20;0.42K;13.03%
04/03/2020;18.73;18.90;19.12;18.78;0.07K;-0.48%
04/02/2020;18.82;18.28;18.68;18.00;0.19K;5.49%
04/01/2020;17.84;17.95;17.96;17.66;0.17K;-3.15%
03/31/2020;18.42;18.21;18.70;18.17;0.14K;3.60%
03/30/2020;17.78;17.22;18.00;17.22;0.14K;3.92%
03/27/2020;17.11;17.38;17.57;17.09;0.53K;-5.26%
03/26/2020;18.06;17.52;18.29;17.31;0.32K;-0.82%
03/25/2020;18.21;17.60;18.29;16.87;1.08K;4.06%
03/24/2020;17.50;16.91;17.85;16.70;8.75K;7.49%
03/23/2020;16.28;15.60;16.38;15.15;1.17K;-3.33%
03/20/2020;16.84;17.42;17.69;16.81;2.69K;-2.04%
03/19/2020;17.19;16.90;17.40;16.23;2.98K;6.64%
03/18/2020;16.12;18.12;18.12;16.01;6.83K;-15.38%
03/17/2020;19.05;20.40;20.40;18.74;6.94K;-4.65%
03/16/2020;19.98;22.00;22.00;19.67;0.43K;-10.72%
03/13/2020;22.38;23.34;23.34;22.40;0.04K;-2.53%
03/12/2020;22.96;24.23;24.23;22.95;0.59K;-5.67%
03/11/2020;24.34;24.35;24.35;24.00;0.31K;-0.65%
03/10/2020;24.50;23.75;24.39;23.75;0.12K;3.46%
03/09/2020;23.68;23.57;23.57;22.90;2.46K;-0.63%
03/06/2020;23.83;23.91;24.00;23.85;0.30K;-1.57%
03/05/2020;24.21;24.28;24.28;24.28;0.20K;-0.12%
03/04/2020;24.24;23.74;24.37;23.74;3.46K;1.98%
03/03/2020;23.77;23.82;24.14;23.71;0.28K;-0.67%
03/02/2020;23.93;24.42;24.51;23.82;1.62K;-0.37%
02/28/2020;24.02;23.61;24.01;23.61;0.46K;0.00%
02/27/2020;24.02;24.35;24.37;23.94;0.44K;-2.71%
02/26/2020;24.69;24.50;24.76;24.21;0.24K;0.28%
02/25/2020;24.62;24.99;25.00;24.62;0.13K;-1.52%
02/24/2020;25.00;25.51;25.51;24.87;0.26K;-3.96%
02/21/2020;26.03;25.89;25.94;25.85;0.53K;-0.12%
02/20/2020;26.06;26.00;26.11;25.96;0.13K;-0.27%
02/19/2020;26.13;25.71;25.91;25.50;0.12K;2.23%
02/18/2020;25.56;25.32;25.64;25.25;0.36K;0.35%
02/17/2020;25.47;24.64;25.23;24.64;0.09K;3.08%
02/14/2020;24.71;25.02;25.02;24.62;0.21K;-0.44%
02/13/2020;24.82;24.23;24.84;24.13;0.16K;2.10%
02/12/2020;24.31;24.00;24.22;24.00;0.08K;2.40%
02/11/2020;23.74;23.72;24.03;23.59;0.05K;0.68%
02/10/2020;23.58;23.71;23.71;23.39;0.11K;-0.72%
02/07/2020;23.75;23.83;24.01;23.70;0.52K;-0.96%
02/06/2020;23.98;24.00;24.00;23.63;0.08K;-0.87%
02/05/2020;24.19;23.49;24.26;23.49;0.66K;1.72%
02/04/2020;23.78;23.69;23.87;23.35;1.49K;0.63%
02/03/2020;23.63;24.15;24.15;23.42;0.29K;-2.80%
01/31/2020;24.31;24.13;24.13;23.95;2.09K;0.58%
01/30/2020;24.17;24.30;24.34;23.90;4.25K;-1.06%
01/29/2020;24.43;24.88;24.88;24.44;0.56K;-2.67%
01/28/2020;25.10;25.05;25.05;25.05;0.01K;0.20%
01/27/2020;25.05;24.70;24.88;24.60;0.08K;0.72%
01/24/2020;24.87;25.33;25.33;24.80;0.46K;-1.35%
01/23/2020;25.21;25.34;25.34;24.88;2.48K;-1.33%
01/22/2020;25.55;25.82;26.08;25.52;0.19K;0.39%
01/21/2020;25.45;25.55;25.95;25.42;0.15K;-0.97%
01/20/2020;25.70;25.81;26.10;25.70;0.57K;-1.04%
01/17/2020;25.97;25.46;25.81;25.46;0.05K;2.36%
01/16/2020;25.37;25.44;25.44;25.12;0.12K;1.32%
01/15/2020;25.04;24.95;25.08;24.82;1.20K;2.75%
01/14/2020;24.37;24.28;24.33;24.20;0.06K;-1.18%
01/13/2020;24.66;24.55;24.73;24.55;0.11K;-0.28%
01/10/2020;24.73;24.82;24.82;24.71;0.06K;-1.87%
01/09/2020;25.20;24.84;25.20;24.84;0.12K;2.44%
01/08/2020;24.60;24.88;24.88;24.57;0.51K;-1.84%
01/07/2020;25.06;24.59;24.85;24.59;0.02K;1.29%
01/06/2020;24.74;24.95;24.96;24.70;0.02K;-2.98%
01/03/2020;25.50;25.34;25.37;25.34;0.01K;2.41%
01/02/2020;24.90;24.90;24.90;24.90;0.07K;-1.11%
12/31/2019;25.18;25.67;25.67;25.67;0.00K;-1.76%
12/30/2019;25.63;26.77;26.77;25.75;0.14K;-5.94%
12/27/2019;27.25;27.25;27.25;27.25;0.07K;2.37%
12/26/2019;26.62;26.62;26.62;26.62;;0.00%
12/24/2019;26.62;26.62;26.62;26.62;0.25K;-1.70%
12/23/2019;27.08;27.55;27.59;27.55;0.03K;-0.48%
12/20/2019;27.21;26.57;27.04;26.57;0.02K;-0.62%
12/19/2019;27.38;27.17;27.40;27.15;0.33K;0.92%
12/18/2019;27.13;26.64;26.64;26.64;0.00K;1.95%
12/17/2019;26.61;26.09;26.09;26.09;0.03K;4.27%
12/16/2019;25.52;24.74;25.31;24.74;0.05K;3.28%
12/13/2019;24.71;26.23;26.23;25.00;0.05K;-4.19%
12/12/2019;25.79;25.43;25.87;25.27;0.04K;2.38%
12/11/2019;25.19;25.83;25.83;25.36;0.32K;-1.91%
12/10/2019;25.68;25.69;25.74;25.69;0.33K;-0.73%
12/09/2019;25.87;25.33;25.96;25.19;0.07K;0.74%
12/06/2019;25.68;25.39;25.70;25.35;0.28K;0.98%
12/05/2019;25.43;25.42;25.49;25.14;0.29K;-0.20%
12/04/2019;25.48;24.58;25.53;24.58;0.02K;2.99%
12/03/2019;24.74;25.23;25.23;24.90;0.17K;-1.28%
12/02/2019;25.06;25.70;25.70;25.16;0.05K;-3.39%
11/29/2019;25.94;25.85;25.88;25.73;0.30K;0.82%
11/28/2019;25.73;25.72;25.82;25.60;0.03K;-0.43%
11/27/2019;25.84;25.53;25.75;25.53;0.04K;2.91%
11/26/2019;25.11;25.00;25.17;24.93;0.22K;-0.20%
11/25/2019;25.16;25.02;25.20;25.02;0.20K;-0.59%
11/22/2019;25.31;25.31;25.31;25.31;4.12K;2.64%
11/21/2019;24.66;24.68;24.84;24.68;0.03K;-0.36%
11/20/2019;24.75;24.08;24.40;24.08;0.08K;2.40%
11/19/2019;24.17;24.18;24.58;24.18;0.03K;0.17%
11/18/2019;24.13;24.18;24.19;24.15;0.02K;-1.79%
11/15/2019;24.57;24.17;24.40;24.17;0.08K;-0.41%
11/14/2019;24.67;24.70;24.73;24.70;0.02K;-1.71%
11/13/2019;25.10;24.85;25.06;24.80;0.15K;1.09%
11/12/2019;24.83;25.76;25.76;24.57;0.35K;-3.20%
11/11/2019;25.65;25.85;25.89;25.82;1.13K;0.35%
11/08/2019;25.56;25.35;25.78;25.35;0.07K;-0.35%
11/07/2019;25.65;25.70;25.70;25.70;0.00K;0.51%
11/06/2019;25.52;25.87;26.06;25.87;0.16K;-2.74%
11/05/2019;26.24;26.67;26.67;26.64;0.22K;-0.49%
11/04/2019;26.37;25.81;25.88;25.71;0.09K;1.35%
11/01/2019;26.02;26.64;26.64;26.64;0.02K;-1.25%
10/31/2019;26.35;26.74;26.74;26.44;0.88K;-1.53%
10/30/2019;26.76;26.31;26.63;26.31;0.03K;1.94%
10/29/2019;26.25;26.19;26.45;26.18;0.07K;1.23%
10/28/2019;25.93;25.66;25.91;25.56;0.04K;0.50%
10/25/2019;25.80;25.92;25.92;25.92;0.01K;-1.83%
10/24/2019;26.28;25.55;25.98;25.55;0.06K;2.70%
10/23/2019;25.59;26.00;26.17;25.93;0.16K;-3.51%
10/22/2019;26.52;26.60;26.60;26.56;1.42K;-1.16%
10/21/2019;26.83;26.83;26.83;26.83;0.48K;0.11%
10/18/2019;26.80;26.55;26.98;26.50;1.07K;-0.74%
10/17/2019;27.00;26.70;26.70;26.60;1.02K;-0.84%
10/16/2019;27.23;26.59;26.71;26.25;0.45K;2.21%
10/15/2019;26.64;25.50;25.65;25.30;0.13K;6.30%
10/14/2019;25.06;24.82;24.82;24.82;0.00K;-1.18%
10/11/2019;25.36;24.75;24.84;24.75;0.03K;4.88%
10/10/2019;24.18;23.68;23.81;23.58;1.00K;2.46%
10/09/2019;23.60;23.10;23.60;23.10;0.17K;0.43%
10/08/2019;23.50;24.40;24.47;23.96;0.35K;-3.49%
10/07/2019;24.35;23.83;24.28;23.83;0.28K;1.84%
10/04/2019;23.91;24.24;24.50;24.20;0.25K;-1.08%
10/03/2019;24.17;24.98;24.98;24.10;0.24K;-4.09%
10/02/2019;25.20;25.73;25.81;25.62;2.51K;-3.26%
10/01/2019;26.05;25.51;26.11;25.51;0.66K;1.13%
09/30/2019;25.76;26.14;26.17;25.78;0.19K;-2.20%
09/27/2019;26.34;26.59;26.59;26.25;0.01K;-1.31%
09/26/2019;26.69;26.61;26.61;26.29;0.05K;1.64%
09/25/2019;26.26;26.38;26.40;26.17;0.06K;-1.20%
09/24/2019;26.58;26.68;26.88;26.67;0.30K;-0.97%
09/23/2019;26.84;27.01;27.01;26.73;0.13K;-2.72%
09/20/2019;27.59;27.30;27.69;27.30;0.02K;2.26%
09/19/2019;26.98;26.40;26.88;26.31;0.56K;1.93%
09/18/2019;26.47;26.61;26.75;26.34;0.27K;-2.83%
09/17/2019;27.24;27.79;27.85;27.70;0.08K;-2.96%
09/16/2019;28.07;27.92;28.10;27.63;0.41K;2.52%
09/13/2019;27.38;27.44;27.68;27.22;0.28K;-0.15%
09/12/2019;27.42;27.76;27.79;27.62;0.64K;0.55%
09/11/2019;27.27;27.59;28.34;27.19;0.39K;-1.52%
09/10/2019;27.69;26.28;26.71;26.28;0.69K;6.62%
09/09/2019;25.97;26.16;26.16;25.95;0.26K;-0.31%
09/06/2019;26.05;26.43;26.43;25.90;0.05K;-1.62%
09/05/2019;26.48;26.73;26.73;26.26;0.27K;0.04%
09/04/2019;26.47;26.47;26.47;26.47;2.10K;0.99%
09/03/2019;26.21;26.00;26.00;26.00;0.43K;-0.04%
09/02/2019;26.22;26.94;26.94;26.14;0.02K;-4.20%
08/30/2019;27.37;27.37;27.37;27.37;0.26K;-0.65%
08/29/2019;27.55;27.60;27.60;27.60;0.00K;1.62%
08/28/2019;27.11;26.71;26.86;26.71;0.15K;2.19%
08/27/2019;26.53;26.53;26.53;26.53;0.01K;-1.63%
08/26/2019;26.97;26.97;26.97;26.97;0.52K;2.78%
08/23/2019;26.24;26.61;26.61;25.92;0.01K;-2.13%
08/22/2019;26.81;27.00;27.00;27.00;0.00K;-1.32%
08/21/2019;27.17;27.36;27.36;27.36;0.02K;-0.91%
08/20/2019;27.42;27.91;27.91;27.91;0.03K;-1.12%
08/19/2019;27.73;27.73;27.73;27.73;0.00K;2.14%
08/16/2019;27.15;27.47;27.56;27.36;0.06K;-0.18%
08/15/2019;27.20;27.60;27.60;27.30;0.88K;-3.27%
08/14/2019;28.12;27.90;27.90;27.80;0.03K;-0.64%
08/13/2019;28.30;28.05;28.20;28.05;0.01K;1.40%
08/12/2019;27.91;29.34;29.34;28.00;0.55K;-4.94%
08/09/2019;29.36;29.36;29.36;29.36;0.60K;-1.41%
08/08/2019;29.78;29.42;29.42;29.42;0.01K;0.74%
08/07/2019;29.56;29.64;30.15;29.55;0.70K;-0.47%
08/06/2019;29.70;30.05;30.05;30.05;0.40K;-1.13%
08/05/2019;30.04;30.04;30.04;30.04;0.51K;-1.86%
08/02/2019;30.61;30.73;30.73;30.43;0.25K;-0.71%
08/01/2019;30.83;29.46;30.50;29.46;0.11K;4.94%
07/31/2019;29.38;29.63;29.63;29.63;0.01K;0.31%
07/30/2019;29.29;29.50;29.62;29.44;0.22K;-1.88%
07/29/2019;29.85;29.85;29.85;29.85;0.03K;0.34%
07/26/2019;29.75;29.75;29.75;29.75;0.01K;-2.49%
07/25/2019;30.51;30.70;31.22;30.70;0.86K;-0.62%
07/24/2019;30.70;30.70;30.70;30.70;0.27K;-2.01%
07/23/2019;31.33;30.49;30.49;30.49;0.00K;2.72%
07/22/2019;30.50;30.60;30.68;30.15;0.18K;0.39%
07/19/2019;30.38;29.47;29.82;29.47;0.10K;3.76%
07/18/2019;29.28;29.28;29.28;29.28;0.08K;-2.33%
07/17/2019;29.98;30.07;30.07;29.97;0.39K;0.00%
07/16/2019;29.98;30.88;30.88;30.64;0.01K;-1.90%
07/15/2019;30.56;30.66;31.02;30.55;0.66K;0.99%
07/12/2019;30.26;29.67;29.94;29.67;0.02K;1.85%
07/11/2019;29.71;29.54;29.54;29.52;0.75K;0.20%
07/10/2019;29.65;28.46;28.85;28.45;0.85K;6.27%
07/09/2019;27.90;28.08;28.32;27.97;0.59K;-0.92%
07/08/2019;28.16;28.22;28.22;28.15;0.06K;1.77%
07/05/2019;27.67;27.20;27.59;27.10;1.20K;1.43%
07/04/2019;27.28;27.84;27.86;27.26;0.42K;-1.80%
07/03/2019;27.78;27.91;27.91;27.74;0.33K;-0.71%
07/02/2019;27.98;28.44;28.44;28.44;0.11K;-0.67%
07/01/2019;28.17;28.10;28.16;28.10;0.25K;2.44%
06/28/2019;27.50;27.50;27.50;27.50;0.08K;-2.31%
06/27/2019;28.15;28.64;28.64;28.37;0.03K;-1.75%
06/26/2019;28.65;28.37;28.65;28.37;0.24K;3.65%
06/25/2019;27.64;27.92;27.92;27.40;0.50K;0.40%
06/24/2019;27.53;26.71;27.26;26.71;1.03K;4.20%
06/21/2019;26.42;26.17;26.17;26.13;0.58K;0.84%
06/20/2019;26.20;25.99;25.99;25.99;0.02K;0.50%
06/19/2019;26.07;26.42;26.42;26.39;1.31K;-0.57%
06/18/2019;26.22;26.07;26.41;26.06;0.19K;0.38%
06/17/2019;26.12;26.15;26.19;26.06;0.27K;-0.11%
06/14/2019;26.15;26.15;26.15;26.15;0.29K;0.38%
06/13/2019;26.05;26.09;26.09;26.09;0.15K;0.50%
06/12/2019;25.92;25.87;25.87;25.86;0.01K;-0.73%
06/11/2019;26.11;26.11;26.11;26.11;0.01K;-0.95%
06/10/2019;26.36;26.36;26.36;26.36;0.04K;2.73%
06/07/2019;25.66;25.70;25.70;25.70;0.03K;2.27%
06/06/2019;25.09;25.40;25.40;25.40;0.39K;-0.75%
06/05/2019;25.28;25.28;25.28;25.28;0.01K;-1.17%
06/04/2019;25.58;25.24;25.63;25.22;2.56K;3.40%
06/03/2019;24.74;25.10;25.37;24.98;0.62K;-2.79%
05/31/2019;25.45;25.68;25.68;25.68;0.01K;-3.16%
05/30/2019;26.28;26.50;26.50;26.40;0.02K;-0.87%
05/29/2019;26.51;26.55;26.94;26.55;0.02K;0.19%
05/28/2019;26.46;26.58;26.65;26.20;0.25K;-0.56%
05/27/2019;26.61;26.02;26.64;26.02;0.04K;0.64%
05/24/2019;26.44;26.62;26.62;26.60;0.10K;-2.18%
05/23/2019;27.03;27.08;27.08;27.08;0.00K;-1.13%
05/22/2019;27.34;27.34;27.34;27.34;0.10K;3.76%
05/21/2019;26.35;26.18;26.18;26.18;0.42K;0.73%
05/20/2019;26.16;26.16;26.16;26.16;0.05K;0.77%
05/17/2019;25.96;26.53;26.54;26.53;0.01K;-2.26%
05/16/2019;26.56;26.56;26.56;26.56;0.12K;-1.48%
05/15/2019;26.96;26.96;26.96;26.96;0.44K;0.33%
05/14/2019;26.87;26.87;26.87;26.87;0.54K;3.23%
05/13/2019;26.03;26.60;26.60;26.60;0.03K;-2.22%
05/10/2019;26.62;27.12;27.15;27.12;0.51K;-3.45%
05/09/2019;27.57;27.57;27.57;27.57;0.09K;-1.50%
05/08/2019;27.99;27.65;27.65;27.58;0.08K;1.89%
05/07/2019;27.47;26.80;26.80;26.80;0.02K;3.97%
05/06/2019;26.42;26.42;26.42;26.42;;0.49%
05/03/2019;26.29;25.69;26.10;25.69;0.48K;1.94%
05/02/2019;25.79;25.83;25.83;25.83;1.48K;-4.09%
05/01/2019;26.89;26.89;26.89;26.89;0.01K;-1.97%
04/30/2019;27.43;27.11;27.53;27.11;0.05K;-0.44%
04/29/2019;27.55;27.55;27.55;27.55;0.01K;1.70%
04/26/2019;27.09;27.09;27.09;27.09;0.11K;-5.08%
04/25/2019;28.54;28.54;28.54;28.54;0.06K;-0.42%
04/24/2019;28.66;28.66;28.66;28.66;1.00K;-0.49%
04/23/2019;28.80;28.80;28.80;28.80;1.00K;2.35%
04/18/2019;28.14;28.14;28.14;28.14;0.07K;-1.99%
04/17/2019;28.71;28.71;28.71;28.71;0.40K;1.63%
04/16/2019;28.25;27.84;28.11;27.84;0.57K;0.71%
04/15/2019;28.05;28.33;28.36;28.25;0.60K;0.83%
04/12/2019;27.82;28.11;28.11;27.63;0.00K;-2.66%
04/11/2019;28.58;27.84;27.84;27.84;1.65K;4.27%
04/10/2019;27.41;27.51;27.63;27.51;3.16K;2.12%
04/09/2019;26.84;26.87;26.87;26.87;0.45K;4.93%
04/08/2019;25.58;25.99;25.99;25.99;0.10K;-1.24%
04/05/2019;25.90;25.60;25.60;25.60;0.21K;0.70%
04/04/2019;25.72;25.51;25.51;25.51;0.65K;5.19%
04/03/2019;24.45;23.99;24.15;23.99;0.48K;5.16%
04/02/2019;23.25;23.25;23.25;23.25;0.38K;0.39%
04/01/2019;23.16;22.46;22.91;22.46;0.06K;1.49%
03/29/2019;22.82;22.88;22.88;22.88;0.30K;-3.10%
03/28/2019;23.55;23.63;23.63;23.63;0.24K;1.73%
03/27/2019;23.15;23.05;23.34;22.98;0.35K;1.36%
03/26/2019;22.84;22.84;22.84;22.84;0.20K;2.74%
03/25/2019;22.23;21.95;21.95;21.95;0.01K;1.09%
03/22/2019;21.99;22.07;22.19;21.92;0.10K;-1.30%
03/21/2019;22.28;22.95;22.95;22.27;0.16K;-3.21%
03/20/2019;23.02;22.45;23.15;22.45;0.17K;2.17%
03/19/2019;22.53;22.53;22.53;22.53;0.12K;-2.97%
03/18/2019;23.22;23.22;23.22;23.22;0.02K;-2.93%
03/15/2019;23.92;24.28;24.28;24.28;0.01K;-1.16%
03/14/2019;24.20;24.20;24.20;24.20;0.00K;2.02%
03/13/2019;23.72;23.48;23.69;23.46;0.33K;-0.34%
03/12/2019;23.80;23.80;23.80;23.80;1.00K;0.08%
03/11/2019;23.78;23.80;23.80;23.70;0.26K;-3.02%
03/08/2019;24.52;24.97;24.97;24.30;0.04K;-0.97%
03/07/2019;24.76;23.75;23.75;23.75;0.10K;4.92%
03/06/2019;23.60;24.33;24.37;24.22;0.13K;-3.36%
03/05/2019;24.42;24.50;24.50;24.30;0.02K;-0.73%
03/04/2019;24.60;24.60;24.60;24.60;1.11K;3.67%
03/01/2019;23.73;23.73;23.73;23.73;0.00K;2.59%
02/28/2019;23.13;23.13;23.13;23.13;0.58K;1.89%
02/27/2019;22.70;22.70;22.70;22.70;0.10K;7.69%
02/26/2019;21.08;21.08;21.08;21.08;0.10K;2.08%
02/25/2019;20.65;20.63;20.76;20.55;1.14K;1.08%
02/22/2019;20.43;20.23;20.37;20.23;0.89K;0.54%
02/21/2019;20.32;20.32;20.32;20.32;0.17K;-7.80%
02/20/2019;22.04;22.00;22.00;21.84;0.06K;1.05%
02/19/2019;21.81;22.20;22.20;22.20;0.60K;0.97%
02/18/2019;21.60;21.60;21.60;21.60;0.10K;-2.00%
02/15/2019;22.04;22.04;22.04;22.04;0.20K;3.14%
02/14/2019;21.37;22.60;22.60;22.60;0.70K;-5.06%
02/13/2019;22.51;21.86;21.86;21.74;0.20K;1.17%
02/12/2019;22.25;22.30;22.30;22.30;0.01K;-7.18%
02/11/2019;23.97;23.97;23.97;23.97;0.01K;0.25%
02/08/2019;23.91;23.91;23.91;23.91;0.03K;-4.44%
02/07/2019;25.02;24.88;25.05;24.88;0.01K;-0.87%
02/06/2019;25.24;25.24;25.24;25.24;0.08K;2.02%
02/05/2019;24.74;24.74;24.74;24.74;0.11K;0.45%
02/04/2019;24.63;23.08;23.28;23.08;0.01K;4.59%
02/01/2019;23.55;23.55;23.55;23.55;1.46K;-1.46%
01/31/2019;23.90;24.45;24.45;24.45;0.01K;-3.32%
01/30/2019;24.72;24.85;24.85;24.52;0.88K;-1.44%
01/29/2019;25.08;24.45;24.74;24.45;0.24K;2.37%
01/28/2019;24.50;25.06;25.09;25.00;0.05K;-4.60%
01/25/2019;25.68;25.40;25.62;25.28;0.10K;-0.66%
01/24/2019;25.85;26.20;26.60;26.07;0.71K;-2.34%
01/23/2019;26.47;26.47;26.47;26.47;0.00K;-1.74%
01/22/2019;26.94;26.58;26.58;26.56;0.06K;2.63%
01/21/2019;26.25;26.28;26.28;26.28;0.03K;-1.43%
01/18/2019;26.63;26.63;26.63;26.63;1.43K;4.88%
01/17/2019;25.39;25.63;25.63;25.60;4.64K;0.83%
01/16/2019;25.18;24.83;24.83;24.83;0.02K;3.20%
01/15/2019;24.40;24.32;24.32;24.32;0.03K;0.29%
01/14/2019;24.33;24.33;24.33;24.33;0.87K;-0.77%
01/11/2019;24.52;24.69;24.69;24.51;0.04K;2.34%
01/10/2019;23.96;23.95;23.95;23.95;0.76K;0.13%
01/09/2019;23.93;24.88;24.88;24.07;0.16K;-3.43%
01/08/2019;24.78;24.78;24.78;24.78;0.02K;2.31%
01/07/2019;24.22;24.23;24.23;24.22;3.38K;-5.61%
01/04/2019;25.66;25.45;25.77;25.41;0.08K;1.50%
01/03/2019;25.28;25.28;25.28;25.28;0.09K;-7.64%
01/02/2019;27.37;27.37;27.37;27.37;0.21K;1.15%
12/31/2018;27.06;27.06;27.06;27.06;0.01K;0.15%
12/28/2018;27.02;27.02;27.02;27.02;0.11K;-0.22%
12/27/2018;27.08;26.93;26.93;26.93;0.00K;-0.62%
12/24/2018;27.25;27.39;27.41;27.39;0.05K;1.04%
12/21/2018;26.97;26.97;26.97;26.97;0.03K;1.66%
12/20/2018;26.53;26.53;26.53;26.53;0.00K;-0.52%
12/19/2018;26.67;27.03;27.03;26.76;0.46K;0.95%
12/18/2018;26.42;26.45;26.45;26.45;0.00K;-1.01%
12/17/2018;26.69;26.69;26.69;26.69;2.03K;3.61%
12/14/2018;25.76;25.00;25.50;25.00;0.00K;4.50%
12/13/2018;24.65;24.65;24.65;24.65;0.05K;3.53%
12/12/2018;23.81;23.81;23.81;23.81;0.86K;5.73%
12/11/2018;22.52;22.52;22.52;22.52;32.50K;-3.01%
12/10/2018;23.22;23.22;23.22;23.22;0.15K;2.74%
12/07/2018;22.60;22.60;22.60;22.60;17.42K;1.07%
12/06/2018;22.36;22.36;22.36;22.36;0.01K;1.50%
12/05/2018;22.03;22.83;22.83;22.25;1.43K;-4.18%
12/04/2018;22.99;22.85;22.90;22.74;0.15K;0.61%
12/03/2018;22.85;22.85;22.85;22.85;0.50K;0.66%
11/30/2018;22.70;22.70;22.70;22.70;13.45K;2.11%
11/29/2018;22.23;22.23;22.23;22.23;0.28K;3.40%
11/28/2018;21.50;21.50;21.50;21.50;24.60K;-1.47%
11/27/2018;21.82;21.82;21.82;21.82;16.24K;-0.91%
11/26/2018;22.02;22.02;22.02;22.02;0.70K;-1.70%
11/23/2018;22.40;23.32;23.32;23.32;0.00K;-3.20%
11/22/2018;23.14;23.14;23.14;23.14;0.99K;1.98%
11/21/2018;22.69;21.90;22.35;21.90;0.53K;4.95%
11/20/2018;21.62;21.62;21.62;21.62;0.00K;2.56%
11/19/2018;21.08;21.08;21.08;21.08;0.01K;-1.08%
11/16/2018;21.31;21.92;21.92;21.92;1.24K;0.85%
11/15/2018;21.13;21.13;21.13;21.13;0.02K;-2.98%
11/14/2018;21.78;21.87;21.87;21.87;0.00K;-2.16%
11/13/2018;22.26;22.26;22.26;22.26;0.00K;-1.94%
11/12/2018;22.70;22.79;22.79;22.79;0.53K;4.85%
11/09/2018;21.65;21.65;21.65;21.65;0.35K;-0.46%
11/08/2018;21.75;21.75;21.75;21.75;0.00K;4.72%
11/07/2018;20.77;20.39;20.39;20.39;0.02K;5.49%
11/06/2018;19.69;19.69;19.69;19.69;0.01K;1.97%
11/05/2018;19.31;19.31;19.31;19.31;1.30K;0.68%
11/02/2018;19.18;18.30;19.37;18.30;1.66K;8.85%
11/01/2018;17.62;17.62;17.62;17.62;0.35K;-4.71%
10/31/2018;18.49;18.35;18.35;17.90;0.25K;1.99%
10/30/2018;18.13;18.91;18.91;17.51;2.64K;-4.12%
10/29/2018;18.91;19.88;19.88;19.27;2.57K;-8.16%
10/26/2018;20.59;20.59;20.59;20.59;0.00K;-3.83%
10/25/2018;21.41;21.47;21.47;21.47;0.09K;-2.24%
10/24/2018;21.90;21.77;22.03;21.77;0.05K;0.46%
10/23/2018;21.80;21.63;21.63;21.63;0.24K;-0.55%
10/22/2018;21.92;22.17;22.49;22.12;0.11K;-3.18%
10/19/2018;22.64;22.64;22.64;22.64;0.01K;0.09%
10/18/2018;22.62;21.75;22.65;21.45;3.25K;1.57%
10/17/2018;22.27;22.61;22.61;22.07;0.14K;-1.15%
10/16/2018;22.53;22.36;22.61;22.36;2.13K;1.99%
10/15/2018;22.09;23.72;23.76;22.79;0.03K;-8.76%
10/12/2018;24.21;24.21;24.25;24.18;0.09K;1.38%
10/11/2018;23.88;22.55;23.88;22.55;0.88K;0.97%
10/10/2018;23.65;23.84;23.84;23.84;1.28K;-6.63%
10/09/2018;25.33;26.18;26.20;25.54;0.75K;-4.34%
10/08/2018;26.48;26.48;26.48;26.48;0.01K;1.46%
10/05/2018;26.10;26.10;26.10;26.10;0.10K;3.65%
10/04/2018;25.18;25.18;25.18;25.18;0.10K;0.88%
10/03/2018;24.96;24.81;24.81;24.67;0.12K;0.81%
10/02/2018;24.76;25.38;25.38;25.33;0.11K;-0.80%
10/01/2018;24.96;24.42;24.42;24.42;0.00K;1.34%
09/28/2018;24.63;24.63;24.63;24.63;0.01K;2.62%
09/27/2018;24.00;24.00;24.00;24.00;0.01K;2.48%
09/26/2018;23.42;23.42;23.42;23.42;0.10K;-3.50%
09/25/2018;24.27;24.27;24.27;24.27;0.02K;-4.03%
09/24/2018;25.29;25.29;25.29;25.29;0.11K;1.65%
09/21/2018;24.88;24.88;24.88;24.88;0.01K;0.65%
09/20/2018;24.72;24.72;24.72;24.72;0.00K;2.62%
09/19/2018;24.09;22.43;22.43;22.43;0.03K;5.52%
09/18/2018;22.83;22.83;22.83;22.83;0.18K;-2.69%
09/17/2018;23.46;23.46;23.46;23.46;1.80K;4.64%
09/14/2018;22.42;22.42;22.42;22.42;0.05K;5.31%
09/13/2018;21.29;23.00;23.00;23.00;0.06K;-16.08%
09/12/2018;25.37;25.66;25.66;25.66;0.23K;-4.84%
09/11/2018;26.66;26.51;26.51;26.49;0.51K;-2.77%
09/10/2018;27.42;27.42;27.42;27.42;0.09K;8.25%
09/07/2018;25.33;25.33;25.33;25.33;0.01K;7.47%
09/06/2018;23.57;23.57;23.57;23.57;0.15K;5.04%
09/05/2018;22.44;22.44;22.44;22.44;0.07K;0.85%
09/04/2018;22.25;22.22;22.22;22.21;0.14K;-0.13%
09/03/2018;22.28;22.28;22.28;22.28;0.07K;-3.97%
08/31/2018;23.20;23.20;23.20;23.20;0.01K;-0.39%
08/30/2018;23.29;23.15;23.65;23.15;0.45K;0.43%
08/29/2018;23.19;23.19;23.19;23.19;0.05K;1.44%
08/28/2018;22.86;23.14;23.14;22.87;0.31K;-2.52%
08/27/2018;23.45;23.45;23.45;23.45;0.05K;2.72%
08/24/2018;22.83;22.58;22.58;22.30;0.15K;1.60%
08/23/2018;22.47;22.68;22.68;22.43;0.74K;2.98%
08/22/2018;21.82;21.83;21.87;21.74;0.11K;2.39%
08/21/2018;21.31;21.34;21.34;21.34;0.30K;4.26%
08/20/2018;20.44;20.14;20.43;20.14;0.76K;2.00%
08/17/2018;20.04;20.09;20.09;20.03;0.20K;0.91%
08/16/2018;19.86;20.08;20.08;20.02;0.10K;-0.45%
08/15/2018;19.95;19.95;19.95;19.95;0.13K;-0.25%
08/14/2018;20.00;19.88;19.99;19.88;0.10K;0.50%
08/13/2018;19.90;19.81;19.92;19.81;0.37K;0.86%
08/10/2018;19.73;19.73;19.73;19.73;0.06K;1.60%
08/09/2018;19.42;19.42;19.42;19.42;0.00K;1.04%
08/08/2018;19.22;19.22;19.22;19.22;0.92K;-0.72%
08/07/2018;19.36;19.36;19.36;19.36;0.48K;-0.31%
08/06/2018;19.42;19.42;19.42;19.42;0.10K;-0.56%
08/03/2018;19.53;19.62;19.62;19.56;0.24K;0.00%
08/02/2018;19.53;19.53;19.53;19.53;7.12K;-0.81%
08/01/2018;19.69;19.69;19.69;19.69;0.51K;1.81%
07/31/2018;19.34;19.34;19.34;19.34;0.05K;1.84%
07/30/2018;18.99;18.99;18.99;18.99;0.05K;-0.52%
07/27/2018;19.09;19.09;19.09;19.09;0.05K;-0.73%
07/26/2018;19.23;19.23;19.23;19.23;0.04K;-0.26%
07/25/2018;19.28;19.28;19.28;19.28;0.25K;1.42%
07/24/2018;19.01;19.01;19.01;19.01;1.00K;-0.42%
07/23/2018;19.09;19.16;19.16;19.16;0.50K;1.70%
07/20/2018;18.77;18.77;18.77;18.77;0.05K;1.13%
07/19/2018;18.56;18.56;18.56;18.56;0.10K;2.48%
07/18/2018;18.11;18.11;18.11;18.11;0.25K;2.09%
07/17/2018;17.74;17.74;17.74;17.74;0.92K;0.85%
07/16/2018;17.59;17.59;17.59;17.59;0.05K;-0.57%
07/13/2018;17.69;17.69;17.69;17.69;0.03K;-0.17%
07/12/2018;17.72;17.72;17.72;17.72;14.27K;-1.28%
07/11/2018;17.95;17.95;17.95;17.95;0.01K;1.58%
07/10/2018;17.67;17.67;17.67;17.67;15.39K;0.51%
07/09/2018;17.58;17.58;17.58;17.58;20.75K;1.74%
07/06/2018;17.28;17.28;17.28;17.28;19.59K;0.17%
07/05/2018;17.25;17.25;17.25;17.25;0.00K;1.05%
07/04/2018;17.07;17.07;17.07;17.07;13.30K;2.52%
07/03/2018;16.65;16.65;16.65;16.65;10.77K;0.18%
07/02/2018;16.62;16.62;16.62;16.62;0.49K;0.67%
06/29/2018;16.51;16.51;16.51;16.51;0.01K;-0.06%
06/28/2018;16.52;16.52;16.52;16.52;15.91K;-1.55%
06/27/2018;16.78;16.78;16.78;16.78;20.61K;1.39%
06/26/2018;16.55;16.55;16.55;16.55;0.20K;0.06%
06/25/2018;16.54;16.54;16.54;16.54;0.07K;-0.42%
06/22/2018;16.61;16.61;16.61;16.61;0.25K;1.84%
06/21/2018;16.31;16.31;16.31;16.31;0.67K;2.07%
06/20/2018;15.98;15.98;15.98;15.98;0.50K;1.85%
06/19/2018;15.69;15.69;15.69;15.69;22.15K;-2.24%
06/18/2018;16.05;16.05;16.05;16.05;0.02K;0.44%
06/15/2018;15.98;15.98;15.98;15.98;0.01K;-2.20%
06/14/2018;16.34;16.34;16.34;16.34;0.01K;-2.56%
06/13/2018;16.77;16.77;16.77;16.77;0.01K;0.96%
06/12/2018;16.61;16.61;16.61;16.61;0.04K;-2.06%
06/11/2018;16.96;16.96;16.96;16.96;0.05K;-1.40%
06/08/2018;17.20;17.20;17.20;17.20;13.36K;-0.98%
06/07/2018;17.37;17.37;17.37;17.37;0.00K;0.35%
06/06/2018;17.31;17.31;17.31;17.31;0.01K;1.17%
06/05/2018;17.11;17.11;17.11;17.11;0.01K;-1.78%
06/04/2018;17.42;17.42;17.42;17.42;0.01K;5.26%
06/01/2018;16.55;16.55;16.55;16.55;0.01K;2.41%
05/31/2018;16.16;16.16;16.16;16.16;0.07K;-5.05%
05/30/2018;17.02;17.02;17.02;17.02;0.02K;-2.58%
05/29/2018;17.47;17.47;17.47;17.47;0.03K;0.00%
05/28/2018;17.47;17.47;17.47;17.47;8.56K;1.75%
05/25/2018;17.17;17.17;17.17;17.17;0.01K;-1.60%
05/24/2018;17.45;17.45;17.45;17.45;0.02K;1.75%
05/23/2018;17.15;17.15;17.15;17.15;0.02K;0.41%
05/22/2018;17.08;17.08;17.08;17.08;0.02K;2.40%
05/21/2018;16.68;16.68;16.68;16.68;0.01K;1.83%
05/18/2018;16.38;16.39;16.39;16.39;0.01K;-0.06%
05/17/2018;16.39;16.39;16.39;16.39;0.01K;0.86%
05/16/2018;16.25;16.25;16.25;16.25;0.01K;5.66%
05/15/2018;15.38;15.38;15.38;15.38;0.00K;-2.04%
05/14/2018;15.70;15.70;15.70;15.70;18.46K;0.13%
05/11/2018;15.68;15.68;15.68;15.68;0.00K;0.13%
05/10/2018;15.66;15.66;15.66;15.66;0.03K;4.05%
05/09/2018;15.05;15.05;15.05;15.05;0.00K;2.87%
05/08/2018;14.63;14.63;14.63;14.63;12.14K;-0.14%
05/07/2018;14.65;14.65;14.65;14.65;18.94K;4.34%
05/04/2018;14.04;14.04;14.04;14.04;10.41K;0.43%
05/03/2018;13.98;13.98;13.98;13.98;0.00K;-0.71%
05/02/2018;14.08;14.08;14.08;14.08;22.73K;-2.29%
05/01/2018;14.41;14.41;14.41;14.41;9.97K;-1.30%
04/30/2018;14.60;14.60;14.60;14.60;12.37K;0.14%
04/27/2018;14.58;14.58;14.58;14.58;0.02K;0.48%
04/26/2018;14.51;14.51;14.51;14.51;0.04K;1.75%
04/25/2018;14.26;14.26;14.26;14.26;0.02K;0.28%
04/24/2018;14.22;14.22;14.22;14.22;0.03K;2.52%
04/23/2018;13.87;13.87;13.87;13.87;0.06K;-1.07%
04/20/2018;14.02;14.02;14.02;14.02;0.00K;-2.77%
04/19/2018;14.42;14.42;14.42;14.42;0.00K;-2.83%
04/18/2018;14.84;14.84;14.84;14.84;0.05K;1.09%
04/17/2018;14.68;14.68;14.68;14.68;0.02K;-1.61%
04/16/2018;14.92;14.92;14.92;14.92;0.26K;0.54%
04/13/2018;14.84;14.84;14.84;14.84;0.25K;2.77%
04/12/2018;14.44;14.44;14.44;14.44;17.56K;1.40%
04/11/2018;14.24;14.24;14.24;14.24;34.41K;0.56%
04/10/2018;14.16;14.16;14.16;14.16;19.37K;0.35%
04/09/2018;14.11;14.11;14.11;14.11;17.92K;2.54%
04/06/2018;13.76;13.76;13.76;13.76;20.77K;2.61%
04/05/2018;13.41;13.41;13.41;13.41;0.00K;-3.04%
04/04/2018;13.83;13.83;13.83;13.83;17.63K;-1.64%
04/03/2018;14.06;14.06;14.06;14.06;18.80K;0.14%
03/29/2018;14.04;14.04;14.04;14.04;0.03K;2.11%
03/28/2018;13.75;13.75;13.75;13.75;1.00K;-4.38%
03/27/2018;14.38;14.38;14.38;14.38;3.50K;5.66%
03/26/2018;13.61;13.61;13.61;13.61;2.50K;2.87%
03/23/2018;13.23;13.23;13.23;13.23;24.11K;2.08%
03/22/2018;12.96;12.96;12.96;12.96;34.46K;-2.34%
03/21/2018;13.27;13.27;13.27;13.27;43.50K;9.58%
03/20/2018;12.11;12.11;12.11;12.11;0.26K;4.22%
03/19/2018;11.62;11.62;11.62;11.62;0.81K;-0.94%
03/16/2018;11.73;11.73;11.73;11.73;0.77K;-0.09%
03/15/2018;11.74;11.74;11.74;11.74;7.01K;-0.42%
03/14/2018;11.79;11.79;11.79;11.79;0.10K;-2.64%
03/13/2018;12.11;12.11;12.11;12.11;0.11K;2.98%
03/12/2018;11.76;11.76;11.76;11.76;0.24K;-0.25%
03/09/2018;11.79;11.79;11.79;11.79;0.15K;0.34%
03/08/2018;11.75;11.75;11.75;11.75;0.16K;4.26%
03/07/2018;11.27;11.27;11.27;11.27;0.12K;1.53%
03/06/2018;11.10;11.10;11.10;11.10;0.24K;1.00%
03/05/2018;10.99;10.99;10.99;10.99;0.20K;2.04%
03/02/2018;10.77;10.77;10.77;10.77;0.17K;1.41%
03/01/2018;10.62;10.62;10.62;10.62;1.38K;-1.03%
02/28/2018;10.73;10.73;10.73;10.73;0.13K;-0.37%
02/27/2018;10.77;10.77;10.77;10.77;0.18K;5.07%
02/26/2018;10.25;10.25;10.25;10.25;0.02K;-1.73%
02/23/2018;10.43;10.43;10.43;10.43;23.70K;0.87%
02/22/2018;10.34;10.34;10.34;10.34;16.64K;1.57%
02/21/2018;10.18;10.18;10.18;10.18;10.68K;-1.55%
02/20/2018;10.34;10.34;10.34;10.34;18.26K;-1.52%
02/19/2018;10.50;10.50;10.50;10.50;0.00K;3.65%
02/16/2018;10.13;10.13;10.13;10.13;16.67K;-0.30%
02/15/2018;10.16;10.16;10.16;10.16;11.34K;-0.59%
02/14/2018;10.22;10.22;10.22;10.22;0.15K;-2.85%
02/13/2018;10.52;10.52;10.52;10.52;0.01K;4.68%
02/12/2018;10.05;10.05;10.05;10.05;12.29K;2.66%
02/09/2018;9.79;9.79;9.79;9.79;0.05K;1.03%
02/08/2018;9.69;9.69;9.69;9.69;0.00K;1.36%
02/07/2018;9.56;9.56;9.56;9.56;14.97K;2.14%
02/06/2018;9.36;9.36;9.36;9.36;15.39K;-2.80%
02/05/2018;9.63;9.63;9.63;9.63;0.04K;1.05%
02/02/2018;9.53;9.53;9.53;9.53;12.46K;-3.25%
02/01/2018;9.85;9.85;9.85;9.85;17.17K;0.00%
01/31/2018;9.85;9.85;9.85;9.85;17.39K;4.12%
01/30/2018;9.46;9.46;9.46;9.46;0.03K;-1.25%
01/29/2018;9.58;9.58;9.58;9.58;0.38K;-0.93%
01/26/2018;9.67;9.67;9.67;9.67;0.15K;-1.53%
01/25/2018;9.82;9.82;9.82;9.82;0.02K;-2.00%
01/24/2018;10.02;10.02;10.02;10.02;1.00K;4.70%
01/23/2018;9.57;9.57;9.57;9.57;0.12K;2.79%
01/22/2018;9.31;9.31;9.31;9.31;0.10K;0.65%
01/19/2018;9.25;9.25;9.25;9.25;0.00K;4.05%
01/18/2018;8.89;8.89;8.89;8.89;0.05K;3.61%
01/17/2018;8.58;8.58;8.58;8.58;0.13K;1.54%
01/16/2018;8.45;8.45;8.45;8.45;0.00K;3.05%
01/15/2018;8.20;8.20;8.20;8.20;8.77K;-0.73%
01/12/2018;8.26;8.26;8.26;8.26;8.32K;0.61%
01/11/2018;8.21;8.21;8.21;8.21;17.69K;-0.85%
01/10/2018;8.28;8.28;8.28;8.28;9.21K;1.10%
01/09/2018;8.19;8.19;8.19;8.19;8.97K;1.49%
01/08/2018;8.07;8.07;8.07;8.07;14.25K;-1.47%
01/05/2018;8.19;8.19;8.19;8.19;5.56K;0.12%
01/04/2018;8.18;8.18;8.18;8.18;10.38K;-0.73%
01/03/2018;8.24;8.24;8.24;8.24;7.96K;0.24%
01/02/2018;8.22;8.22;8.22;8.22;9.63K;-4.42%
12/29/2017;8.60;8.60;8.60;8.60;5.51K;-0.46%
12/28/2017;8.64;8.64;8.64;8.64;2.55K;0.47%
12/27/2017;8.60;8.60;8.60;8.60;2.92K;-0.23%
12/22/2017;8.62;8.62;8.62;8.62;7.69K;2.01%
12/21/2017;8.45;8.45;8.45;8.45;12.57K;2.55%
12/20/2017;8.24;8.24;8.24;8.24;0.00K;3.39%
12/19/2017;7.97;7.97;7.97;7.97;11.01K;1.40%
12/18/2017;7.86;7.86;7.86;7.86;13.04K;2.75%
12/15/2017;7.65;7.65;7.65;7.65;33.62K;1.19%
12/14/2017;7.56;7.56;7.56;7.56;0.65K;0.13%
12/13/2017;7.55;7.55;7.55;7.55;42.02K;-0.79%
12/12/2017;7.61;7.69;7.69;7.69;0.05K;-0.39%
12/11/2017;7.64;7.64;7.64;7.64;22.33K;0.79%
12/08/2017;7.58;7.58;7.58;7.58;15.53K;-2.70%
12/07/2017;7.79;7.79;7.79;7.79;12.37K;0.91%
12/06/2017;7.72;7.72;7.72;7.72;17.03K;-1.91%
12/05/2017;7.87;7.87;7.87;7.87;12.93K;-1.63%
12/04/2017;8.00;8.00;8.00;8.00;17.61K;-1.60%
12/01/2017;8.13;8.13;8.13;8.13;16.01K;2.01%
11/30/2017;7.97;7.97;7.97;7.97;11.55K;-2.09%
11/29/2017;8.14;8.14;8.14;8.14;20.67K;1.24%
11/28/2017;8.04;8.04;8.04;8.04;14.59K;-1.35%
11/27/2017;8.15;8.15;8.15;8.15;0.01K;-0.73%
11/24/2017;8.21;8.21;8.21;8.21;0.01K;1.11%
11/23/2017;8.12;8.12;8.12;8.12;13.99K;3.70%
11/22/2017;7.83;7.83;7.83;7.83;4.76K;-0.25%
11/21/2017;7.85;7.85;7.85;7.85;1.57K;-0.63%
11/20/2017;7.90;7.90;7.90;7.90;0.00K;-0.38%
11/17/2017;7.93;7.93;7.93;7.93;5.77K;-0.25%
11/16/2017;7.95;7.95;7.95;7.95;3.78K;-2.45%
11/15/2017;8.15;8.15;8.15;8.15;2.92K;3.82%
11/14/2017;7.85;7.85;7.85;7.85;5.33K;0.51%
11/13/2017;7.81;7.81;7.81;7.81;2.80K;-0.64%
11/10/2017;7.86;7.86;7.86;7.86;6.43K;-1.87%
11/09/2017;8.01;8.01;8.01;8.01;0.50K;-2.08%
11/08/2017;8.18;8.18;8.18;8.18;0.15K;-0.49%
11/07/2017;8.22;8.22;8.22;8.22;2.63K;-1.67%
11/06/2017;8.36;8.36;8.36;8.36;2.93K;0.48%
11/03/2017;8.32;8.32;8.32;8.32;4.09K;2.72%
11/02/2017;8.10;8.10;8.10;8.10;4.95K;1.89%
11/01/2017;7.95;7.95;7.95;7.95;4.52K;1.79%
10/31/2017;7.81;7.81;7.81;7.81;5.20K;3.03%
10/30/2017;7.58;7.58;7.58;7.58;0.00K;-0.39%
10/27/2017;7.61;7.61;7.61;7.61;0.00K;-0.39%
10/26/2017;7.64;7.64;7.64;7.64;8.31K;-2.55%
10/25/2017;7.84;7.84;7.84;7.84;0.75K;-0.88%
10/24/2017;7.91;7.91;7.91;7.91;1.14K;0.51%
10/23/2017;7.87;7.87;7.87;7.87;0.96K;-1.63%
10/20/2017;8.00;8.00;8.00;8.00;0.00K;-0.99%
10/19/2017;8.08;8.08;8.08;8.08;1.71K;-1.94%
10/18/2017;8.24;8.24;8.24;8.24;0.02K;5.10%
10/17/2017;7.84;7.84;7.84;7.84;0.01K;0.77%
10/16/2017;7.78;7.78;7.78;7.78;1.70K;0.00%
10/13/2017;7.78;7.78;7.78;7.78;5.19K;-1.14%
10/12/2017;7.87;7.87;7.87;7.87;4.40K;0.25%
10/11/2017;7.85;7.85;7.85;7.85;0.15K;-0.25%
10/10/2017;7.87;7.87;7.87;7.87;2.85K;5.21%
10/09/2017;7.48;7.48;7.48;7.48;1.61K;-0.53%
10/06/2017;7.52;7.52;7.52;7.52;1.77K;1.35%
10/05/2017;7.42;7.42;7.42;7.42;1.59K;-0.27%
10/04/2017;7.44;7.44;7.44;7.44;4.44K;-1.06%
10/03/2017;7.52;7.52;7.52;7.52;1.43K;0.80%
10/02/2017;7.46;7.46;7.46;7.46;1.51K;-1.71%
09/29/2017;7.59;7.59;7.59;7.59;2.28K;1.47%
09/28/2017;7.48;7.48;7.48;7.48;3.42K;0.27%
09/27/2017;7.46;7.46;7.46;7.46;1.73K;-0.67%
09/26/2017;7.51;7.51;7.51;7.51;2.39K;-3.47%
09/25/2017;7.78;7.78;7.78;7.78;2.17K;8.96%
09/22/2017;7.14;7.14;7.14;7.14;0.00K;1.28%
09/21/2017;7.05;7.05;7.05;7.05;0.02K;-4.73%
09/20/2017;7.40;7.40;7.40;7.40;1.04K;-1.60%
09/19/2017;7.52;7.52;7.52;7.52;0.00K;4.16%
09/18/2017;7.22;7.22;7.22;7.22;3.03K;-2.96%
09/15/2017;7.44;7.44;7.44;7.44;0.00K;-2.11%
09/14/2017;7.60;7.60;7.60;7.60;4.62K;0.00%
09/13/2017;7.60;7.60;7.60;7.60;0.01K;3.26%
09/12/2017;7.36;7.36;7.36;7.36;2.26K;-0.14%
09/11/2017;7.37;7.37;7.37;7.37;10.99K;-2.51%
09/08/2017;7.56;7.56;7.56;7.56;1.31K;2.16%
09/07/2017;7.40;7.40;7.40;7.40;1.97K;2.92%
09/06/2017;7.19;7.19;7.19;7.19;0.00K;2.71%
09/05/2017;7.00;7.00;7.00;7.00;0.20K;7.53%
09/04/2017;6.51;6.51;6.51;6.51;0.96K;1.24%
09/01/2017;6.43;6.43;6.43;6.43;2.04K;-1.68%
08/31/2017;6.54;6.54;6.54;6.54;0.10K;-1.21%
08/30/2017;6.62;6.62;6.62;6.62;3.09K;-0.30%
08/29/2017;6.64;6.64;6.64;6.64;0.05K;-0.90%
08/28/2017;6.70;6.70;6.70;6.70;0.01K;0.15%
08/25/2017;6.69;6.69;6.69;6.69;0.05K;2.14%
08/24/2017;6.55;6.55;6.55;6.55;0.20K;0.15%
08/23/2017;6.54;6.54;6.54;6.54;0.05K;2.67%
08/22/2017;6.37;6.37;6.37;6.37;2.06K;0.47%
08/21/2017;6.34;6.34;6.34;6.34;0.01K;-1.09%
08/18/2017;6.41;6.41;6.41;6.41;2.00K;0.00%
08/17/2017;6.41;6.41;6.41;6.41;3.75K;0.31%
08/16/2017;6.39;6.39;6.39;6.39;10.65K;4.24%
08/15/2017;6.13;6.13;6.13;6.13;1.88K;0.16%
08/14/2017;6.12;6.12;6.12;6.12;2.87K;2.17%
08/11/2017;5.99;5.99;5.99;5.99;1.94K;0.50%
08/10/2017;5.96;5.96;5.96;5.96;3.10K;0.68%
08/09/2017;5.92;5.92;5.92;5.92;2.21K;2.60%
08/08/2017;5.77;5.77;5.77;5.77;0.75K;0.00%
08/07/2017;5.77;5.77;5.77;5.77;0.69K;-1.54%
08/04/2017;5.86;5.86;5.86;5.86;1.08K;-1.35%
08/03/2017;5.94;5.94;5.94;5.94;0.01K;0.17%
08/02/2017;5.93;5.93;5.93;5.93;4.25K;2.24%
08/01/2017;5.80;5.80;5.80;5.80;1.83K;1.22%
07/31/2017;5.73;5.73;5.73;5.73;0.98K;0.70%
07/28/2017;5.69;5.69;5.69;5.69;0.66K;0.71%
07/27/2017;5.65;5.65;5.65;5.65;1.16K;-1.91%
07/26/2017;5.76;5.76;5.76;5.76;0.87K;1.59%
07/25/2017;5.67;5.67;5.67;5.67;1.36K;0.53%
07/24/2017;5.64;5.64;5.64;5.64;1.58K;0.71%
07/21/2017;5.60;5.60;5.60;5.60;0.70K;-2.61%
07/20/2017;5.75;5.75;5.75;5.75;0.01K;-1.54%
07/19/2017;5.84;5.84;5.84;5.84;0.51K;-0.17%
07/18/2017;5.85;5.85;5.85;5.85;0.01K;0.52%
07/17/2017;5.82;5.82;5.82;5.82;1.65K;0.00%
07/14/2017;5.82;5.82;5.82;5.82;0.00K;1.04%
07/13/2017;5.76;5.76;5.76;5.76;1.35K;-2.04%
07/12/2017;5.88;5.88;5.88;5.88;0.90K;2.62%
07/11/2017;5.73;5.73;5.73;5.73;1.61K;-1.21%
07/10/2017;5.80;5.80;5.80;5.80;1.41K;1.05%
07/07/2017;5.74;5.74;5.74;5.74;3.92K;1.95%
07/06/2017;5.63;5.63;5.63;5.63;1.65K;3.68%
07/05/2017;5.43;5.43;5.43;5.43;1.45K;-1.45%
07/04/2017;5.51;5.51;5.51;5.51;1.27K;-0.36%
07/03/2017;5.53;5.53;5.53;5.53;0.69K;2.03%
06/30/2017;5.42;5.42;5.42;5.42;1.43K;-0.73%
06/29/2017;5.46;5.46;5.46;5.46;5.77K;2.44%
06/28/2017;5.33;5.33;5.33;5.33;1.80K;0.00%
06/27/2017;5.33;5.33;5.33;5.33;0.40K;3.29%
06/26/2017;5.16;5.16;5.16;5.16;1.34K;-1.71%
06/23/2017;5.25;5.25;5.25;5.25;2.29K;0.00%
06/22/2017;5.25;5.25;5.25;5.25;0.06K;-0.19%
06/21/2017;5.26;5.26;5.26;5.26;0.05K;-1.68%
06/20/2017;5.35;5.35;5.35;5.35;0.06K;0.75%
06/19/2017;5.31;5.31;5.31;5.31;1.74K;0.95%
06/16/2017;5.26;5.26;5.26;5.26;0.00K;-1.31%
06/15/2017;5.33;5.33;5.33;5.33;1.05K;0.19%
06/14/2017;5.32;5.32;5.32;5.32;3.00K;-1.48%
06/13/2017;5.40;5.40;5.40;5.40;24.20K;1.89%
06/12/2017;5.30;5.30;5.30;5.30;0.01K;-2.21%
06/09/2017;5.42;5.42;5.42;5.42;0.10K;-0.18%
06/08/2017;5.43;5.43;5.43;5.43;3.51K;3.23%
06/07/2017;5.26;5.26;5.26;5.26;0.68K;-1.68%
06/06/2017;5.35;5.35;5.35;5.35;0.05K;-3.60%
06/05/2017;5.55;5.55;5.55;5.55;0.56K;0.18%
06/02/2017;5.54;5.54;5.54;5.54;0.93K;1.65%
06/01/2017;5.45;5.45;5.45;5.45;1.47K;1.87%
05/31/2017;5.35;5.35;5.35;5.35;0.05K;-3.25%
05/30/2017;5.53;5.53;5.53;5.53;2.99K;-0.72%
05/29/2017;5.57;5.57;5.57;5.57;0.29K;-0.18%
05/26/2017;5.58;5.58;5.58;5.58;0.12K;3.91%
05/25/2017;5.37;5.37;5.37;5.37;0.38K;1.32%
05/24/2017;5.30;5.30;5.30;5.30;0.05K;3.31%
05/23/2017;5.13;5.13;5.13;5.13;0.05K;-3.02%
05/22/2017;5.29;5.29;5.29;5.29;0.01K;1.34%
05/19/2017;5.22;5.22;5.22;5.22;0.03K;1.75%
05/18/2017;5.13;5.13;5.13;5.13;1.73K;3.64%
05/17/2017;4.95;4.95;4.95;4.95;2.69K;0.81%
05/16/2017;4.91;4.91;4.91;4.91;2.03K;3.15%
05/15/2017;4.76;4.76;4.76;4.76;1.96K;-1.45%
05/12/2017;4.83;4.83;4.83;4.83;0.00K;2.33%
05/11/2017;4.72;4.72;4.72;4.72;0.00K;-2.07%
05/10/2017;4.82;4.82;4.82;4.82;5.77K;-1.43%
05/09/2017;4.89;4.89;4.89;4.89;0.02K;2.09%
05/08/2017;4.79;4.79;4.79;4.79;1.40K;-3.04%
05/05/2017;4.94;4.94;4.94;4.94;2.97K;1.44%
05/04/2017;4.87;4.87;4.87;4.87;1.34K;2.10%
05/03/2017;4.77;4.77;4.77;4.77;1.23K;-0.83%
05/02/2017;4.81;4.81;4.81;4.81;0.01K;5.25%
05/01/2017;4.57;4.57;4.57;4.57;;-7.49%
04/28/2017;4.94;4.94;4.94;4.94;0.96K;0.20%
04/27/2017;4.93;4.93;4.93;4.93;1.54K;-1.00%
04/26/2017;4.98;4.98;4.98;4.98;0.42K;2.26%
04/25/2017;4.87;4.87;4.87;4.87;1.23K;-2.99%
04/24/2017;5.02;5.02;5.02;5.02;0.00K;1.62%
04/21/2017;4.94;4.94;4.94;4.94;0.01K;-3.52%
04/20/2017;5.12;5.12;5.12;5.12;0.00K;-1.92%
04/19/2017;5.22;5.22;5.22;5.22;0.00K;-0.38%
04/18/2017;5.24;5.24;5.24;5.24;0.80K;-1.50%
04/13/2017;5.32;5.32;5.32;5.32;0.48K;0.19%
04/12/2017;5.31;5.31;5.31;5.31;1.04K;1.34%
04/11/2017;5.24;5.24;5.24;5.24;0.00K;1.75%
04/10/2017;5.15;5.15;5.15;5.15;0.99K;-1.90%
04/07/2017;5.25;5.25;5.25;5.25;3.58K;-3.31%
04/06/2017;5.43;5.43;5.43;5.43;1.49K;4.83%
04/05/2017;5.18;5.18;5.18;5.18;1.80K;4.02%
04/04/2017;4.98;4.98;4.98;4.98;0.01K;-4.41%
04/03/2017;5.21;5.21;5.21;5.21;1.60K;3.37%
03/31/2017;5.04;5.04;5.04;5.04;1.27K;-4.36%
03/30/2017;5.27;5.27;5.27;5.27;0.50K;3.13%
03/29/2017;5.11;5.11;5.11;5.11;2.39K;0.59%
03/28/2017;5.08;5.08;5.08;5.08;0.98K;2.21%
03/27/2017;4.97;4.97;4.97;4.97;0.68K;-2.74%
03/24/2017;5.11;5.11;5.11;5.11;0.37K;-3.95%
03/23/2017;5.32;5.32;5.32;5.32;0.18K;0.19%
03/22/2017;5.31;5.31;5.31;5.31;0.32K;0.57%
03/21/2017;5.28;5.28;5.28;5.28;4.12K;-0.94%
03/20/2017;5.33;5.33;5.33;5.33;0.43K;-2.74%
03/17/2017;5.48;5.48;5.48;5.48;0.39K;-0.18%
03/16/2017;5.49;5.49;5.49;5.49;0.19K;-0.90%
03/15/2017;5.54;5.54;5.54;5.54;0.05K;1.65%
03/14/2017;5.45;5.45;5.45;5.45;0.30K;-0.91%
03/13/2017;5.50;5.50;5.50;5.50;0.01K;-0.18%
03/10/2017;5.51;5.51;5.51;5.51;0.09K;0.92%
03/09/2017;5.46;5.46;5.46;5.46;0.22K;-2.15%
03/08/2017;5.58;5.58;5.58;5.58;0.24K;-2.45%
03/07/2017;5.72;5.72;5.72;5.72;0.19K;-1.89%
03/06/2017;5.83;5.83;5.83;5.83;1.50K;-1.85%
03/03/2017;5.94;5.94;5.94;5.94;0.25K;2.24%
03/02/2017;5.81;5.81;5.81;5.81;0.20K;-7.19%
03/01/2017;6.26;6.26;6.26;6.26;1.68K;12.39%
02/28/2017;5.57;5.57;5.57;5.57;0.18K;0.72%
02/27/2017;5.53;5.53;5.53;5.53;0.00K;-3.49%
02/24/2017;5.73;5.73;5.73;5.73;0.00K;0.53%
02/23/2017;5.70;5.70;5.70;5.70;0.00K;5.36%
02/22/2017;5.41;5.41;5.41;5.41;0.01K;0.37%
02/21/2017;5.39;5.39;5.39;5.39;0.82K;-0.74%
02/20/2017;5.43;5.43;5.43;5.43;1.17K;2.26%
02/17/2017;5.31;5.31;5.31;5.31;0.01K;0.57%
02/16/2017;5.28;5.28;5.28;5.28;0.01K;-2.58%
02/15/2017;5.42;5.42;5.42;5.42;1.64K;-1.09%
02/14/2017;5.48;5.48;5.48;5.48;0.68K;4.58%
02/13/2017;5.24;5.24;5.24;5.24;1.01K;-3.85%
02/10/2017;5.45;5.45;5.45;5.45;1.51K;-3.02%
02/09/2017;5.62;5.62;5.62;5.62;2.34K;1.26%
02/08/2017;5.55;5.55;5.55;5.55;1.86K;0.91%
02/07/2017;5.50;5.50;5.50;5.50;1.58K;1.29%
02/06/2017;5.43;5.43;5.43;5.43;1.17K;-1.09%
02/03/2017;5.49;5.49;5.49;5.49;0.02K;-1.26%
02/02/2017;5.56;5.56;5.56;5.56;0.87K;-0.89%
02/01/2017;5.61;5.61;5.61;5.61;0.64K;-1.41%
01/31/2017;5.69;5.69;5.69;5.69;0.66K;6.55%
01/30/2017;5.34;5.34;5.34;5.34;0.97K;8.76%
01/27/2017;4.91;4.91;4.91;4.91;0.50K;-5.39%
01/26/2017;5.19;5.19;5.19;5.19;0.83K;4.43%
01/25/2017;4.97;4.95;4.99;4.95;0.00K;-1.97%
01/24/2017;5.07;5.19;5.19;5.19;0.00K;-4.52%
01/23/2017;5.31;5.31;5.31;5.31;3.02K;-2.03%
01/20/2017;5.42;5.42;5.42;5.42;1.79K;4.43%
01/19/2017;5.19;4.90;4.95;4.90;0.02K;7.45%
01/18/2017;4.83;4.96;4.96;4.93;0.02K;-3.21%
01/17/2017;4.99;4.66;4.66;4.66;0.00K;6.40%
01/16/2017;4.69;4.96;4.96;4.85;0.01K;-6.76%
01/13/2017;5.03;5.03;5.03;5.03;2.31K;0.00%
01/12/2017;5.03;5.03;5.03;5.03;0.00K;-8.71%
01/11/2017;5.51;5.51;5.51;5.51;3.93K;0.36%
01/10/2017;5.49;5.36;5.36;5.36;0.00K;4.57%
01/09/2017;5.25;5.05;5.05;5.05;0.00K;4.37%
01/06/2017;5.03;5.39;5.39;5.04;0.00K;-4.55%
01/05/2017;5.27;5.27;5.27;5.27;1.09K;-7.54%
01/04/2017;5.70;5.64;5.68;5.32;0.05K;5.36%
01/03/2017;5.41;5.41;5.41;5.41;1.56K;-11.46%
01/02/2017;6.11;6.11;6.11;6.11;0.03K;-6.57%
12/30/2016;6.54;6.54;6.54;6.54;0.00K;3.15%
12/29/2016;6.34;6.34;6.34;6.34;0.20K;0.32%
12/28/2016;6.32;6.32;6.32;6.32;0.05K;0.00%
12/27/2016;6.32;6.32;6.32;6.32;0.30K;1.61%
12/23/2016;6.22;6.22;6.22;6.22;1.89K;2.47%
12/22/2016;6.07;5.87;5.89;5.87;0.00K;4.66%
12/21/2016;5.80;5.80;5.80;5.80;0.77K;10.90%
12/20/2016;5.23;5.22;5.22;5.22;0.02K;2.75%
12/19/2016;5.09;4.96;5.22;4.93;16.00K;3.25%
12/16/2016;4.93;4.93;5.00;4.57;22.51K;1.86%
12/15/2016;4.84;5.01;5.14;4.79;20.36K;-3.39%
12/14/2016;5.01;5.03;5.19;4.88;25.67K;4.59%
12/13/2016;4.79;4.84;4.92;4.70;23.63K;-1.64%
12/12/2016;4.87;4.51;4.89;4.49;20.87K;9.19%
12/09/2016;4.46;4.61;4.78;4.44;16.74K;-3.25%
12/08/2016;4.61;4.27;4.65;4.24;16.37K;7.21%
12/07/2016;4.30;4.49;4.62;4.27;19.14K;-4.44%
12/06/2016;4.50;4.29;4.54;4.03;20.98K;2.97%
12/05/2016;4.37;4.27;4.45;3.97;23.63K;1.63%
12/02/2016;4.30;4.44;4.50;4.25;23.23K;-3.59%
12/01/2016;4.46;4.62;4.65;4.40;15.00K;-2.62%
11/30/2016;4.58;4.49;4.81;4.35;16.82K;0.44%
11/29/2016;4.56;4.71;4.79;4.41;21.13K;-3.80%
11/28/2016;4.74;4.99;4.99;4.99;0.00K;-5.20%
11/25/2016;5.00;5.00;5.00;5.00;1.45K;-6.37%
11/24/2016;5.34;5.35;5.35;5.35;0.00K;-0.93%
11/23/2016;5.39;5.39;5.39;5.39;1.02K;-2.18%
11/22/2016;5.51;5.51;5.51;5.51;1.72K;0.55%
11/21/2016;5.48;5.47;5.47;5.47;0.00K;-1.79%
11/18/2016;5.58;5.58;5.58;5.58;1.14K;-5.42%
11/17/2016;5.90;5.74;5.80;5.74;0.00K;6.31%
11/16/2016;5.55;5.55;5.55;5.55;1.29K;-3.31%
11/15/2016;5.74;5.74;5.74;5.74;0.85K;6.10%
11/14/2016;5.41;5.55;5.55;5.55;0.00K;-4.59%
11/11/2016;5.67;5.70;5.70;5.70;0.00K;-4.22%
11/10/2016;5.92;5.92;5.92;5.92;2.24K;-3.43%
11/09/2016;6.13;6.13;6.13;6.13;0.83K;-0.33%
11/08/2016;6.15;6.15;6.15;6.15;1.21K;-1.28%
11/07/2016;6.23;6.52;6.52;6.52;0.01K;-2.81%
11/04/2016;6.41;6.41;6.41;6.41;0.48K;-1.38%
11/03/2016;6.50;6.50;6.50;6.50;1.11K;4.17%
11/02/2016;6.24;6.24;6.24;6.24;1.03K;3.48%
11/01/2016;6.03;5.97;5.97;5.97;0.02K;2.20%
10/31/2016;5.90;5.93;5.93;5.93;0.00K;0.34%
10/28/2016;5.88;5.76;5.76;5.75;0.01K;1.20%
10/27/2016;5.81;5.81;5.81;5.81;0.93K;-2.19%
10/26/2016;5.94;5.94;5.94;5.94;1.39K;2.24%
10/25/2016;5.81;5.81;5.81;5.81;1.86K;0.00%
10/24/2016;5.81;5.81;5.81;5.81;1.32K;-1.36%
10/21/2016;5.89;5.89;5.89;5.89;0.40K;5.56%
10/20/2016;5.58;5.58;5.58;5.58;1.30K;-1.59%
10/19/2016;5.67;5.67;5.67;5.67;1.09K;-4.71%
10/18/2016;5.95;5.95;5.95;5.95;0.51K;1.36%
10/17/2016;5.87;5.90;5.90;5.90;0.00K;1.03%
10/14/2016;5.81;5.81;5.81;5.81;1.29K;2.83%
10/13/2016;5.65;5.64;5.64;5.64;0.00K;2.36%
10/12/2016;5.52;5.52;5.52;5.52;0.37K;1.66%
10/11/2016;5.43;5.55;5.55;5.55;0.00K;-4.06%
10/10/2016;5.66;5.66;5.66;5.66;0.31K;-0.53%
10/07/2016;5.69;5.67;5.67;5.67;0.01K;-2.90%
10/06/2016;5.86;5.86;5.86;5.86;2.38K;6.93%
10/05/2016;5.48;5.43;5.43;5.43;0.00K;5.18%
10/04/2016;5.21;5.22;5.22;5.22;0.00K;-1.88%
10/03/2016;5.31;5.31;5.31;5.31;0.54K;7.06%
09/30/2016;4.96;4.92;4.92;4.92;0.00K;-1.20%
09/29/2016;5.02;5.19;5.19;5.19;0.00K;1.41%
09/28/2016;4.95;5.00;5.00;5.00;0.00K;11.74%
09/27/2016;4.43;4.43;4.43;4.43;1.25K;-4.11%
09/26/2016;4.62;4.64;4.70;4.64;0.10K;1.76%
09/23/2016;4.54;4.65;4.65;4.65;0.01K;2.71%
09/22/2016;4.42;4.42;4.42;4.42;1.57K;4.99%
09/21/2016;4.21;4.10;4.10;4.10;0.02K;1.20%
09/20/2016;4.16;4.16;4.16;4.16;0.43K;-5.45%
09/19/2016;4.40;4.43;4.43;4.42;0.00K;0.92%
09/16/2016;4.36;4.36;4.36;4.36;0.42K;5.31%
09/15/2016;4.14;3.97;3.97;3.97;0.00K;4.02%
09/14/2016;3.98;3.98;3.98;3.98;0.49K;-1.00%
09/13/2016;4.02;4.02;4.02;4.02;1.18K;-0.25%
09/12/2016;4.03;4.03;4.03;4.03;0.51K;-1.23%
09/09/2016;4.08;4.08;4.08;4.08;0.39K;0.00%
09/08/2016;4.08;4.08;4.08;4.08;0.58K;1.75%
09/07/2016;4.01;4.01;4.01;4.01;0.76K;-2.91%
09/06/2016;4.13;4.13;4.13;4.13;1.52K;5.09%
09/05/2016;3.93;3.93;3.93;3.93;2.43K;-3.68%
09/02/2016;4.08;4.35;4.35;4.33;0.01K;-6.64%
09/01/2016;4.37;4.37;4.37;4.37;0.68K;-2.02%
08/31/2016;4.46;4.46;4.46;4.46;1.08K;-1.76%
08/30/2016;4.54;4.54;4.54;4.54;1.20K;-3.20%
08/29/2016;4.69;4.69;4.69;4.69;0.00K;0.00%
08/26/2016;4.69;4.69;4.69;4.69;0.20K;-0.21%
08/25/2016;4.70;4.70;4.70;4.70;0.06K;2.17%
08/24/2016;4.60;4.60;4.60;4.60;2.76K;-2.13%
08/23/2016;4.70;4.70;4.70;4.70;0.50K;-3.89%
08/22/2016;4.89;4.87;4.87;4.87;0.01K;2.73%
08/19/2016;4.76;4.76;4.76;4.76;0.39K;1.71%
08/18/2016;4.68;4.49;4.49;4.49;0.01K;4.46%
08/17/2016;4.48;4.48;4.48;4.48;0.64K;-4.48%
08/16/2016;4.69;4.69;4.69;4.69;0.21K;-2.29%
08/15/2016;4.80;4.80;4.80;4.80;0.75K;-1.84%
08/12/2016;4.89;4.89;4.89;4.89;0.03K;0.41%
08/11/2016;4.87;4.87;4.87;4.87;0.03K;2.31%
08/10/2016;4.76;4.76;4.76;4.76;0.22K;-2.26%
08/09/2016;4.87;4.87;4.87;4.87;0.66K;-1.42%
08/08/2016;4.94;4.94;4.94;4.94;0.35K;4.66%
08/05/2016;4.72;4.72;4.72;4.72;0.50K;0.85%
08/04/2016;4.68;4.68;4.68;4.68;1.19K;1.30%
08/03/2016;4.62;4.56;4.59;4.56;0.01K;5.00%
08/02/2016;4.40;4.40;4.40;4.40;0.29K;0.69%
08/01/2016;4.37;4.37;4.37;4.37;0.13K;-0.91%
07/29/2016;4.41;4.40;4.40;4.40;0.00K;-1.34%
07/28/2016;4.47;4.47;4.47;4.47;0.51K;-1.11%
07/27/2016;4.52;4.52;4.52;4.52;1.44K;0.44%
07/26/2016;4.50;4.50;4.50;4.50;2.74K;-1.75%
07/25/2016;4.58;4.58;4.58;4.58;0.80K;0.66%
07/22/2016;4.55;4.55;4.55;4.55;0.77K;-1.94%
07/21/2016;4.64;4.72;4.72;4.72;0.01K;-0.85%
07/20/2016;4.68;4.68;4.68;4.68;3.79K;0.43%
07/19/2016;4.66;4.66;4.66;4.66;0.79K;-3.72%
07/18/2016;4.84;4.84;4.84;4.84;1.11K;-1.63%
07/15/2016;4.92;4.70;4.70;4.70;0.00K;3.14%
07/14/2016;4.77;4.85;4.85;4.85;0.01K;-0.21%
07/13/2016;4.78;4.78;4.78;4.78;0.62K;3.46%
07/12/2016;4.62;4.43;4.58;4.43;0.06K;4.52%
07/11/2016;4.42;4.53;4.53;4.48;0.02K;-2.43%
07/08/2016;4.53;4.53;4.53;4.53;0.37K;-0.88%
07/07/2016;4.57;4.72;4.72;4.63;0.01K;-0.22%
07/06/2016;4.58;4.51;4.51;4.51;0.02K;-2.55%
07/05/2016;4.70;4.70;4.70;4.70;0.70K;-5.24%
07/04/2016;4.96;4.96;4.96;4.96;0.88K;7.59%
07/01/2016;4.61;4.46;4.46;4.46;0.00K;3.36%
06/30/2016;4.46;4.46;4.46;4.46;0.95K;-1.11%
06/29/2016;4.51;4.51;4.51;4.51;0.58K;-3.63%
06/28/2016;4.68;4.68;4.68;4.68;0.70K;-1.68%
06/27/2016;4.76;5.06;5.06;5.00;0.06K;-3.84%
06/24/2016;4.95;4.89;4.89;4.89;0.01K;-12.08%
06/23/2016;5.63;5.63;5.63;5.63;0.10K;-0.71%
06/22/2016;5.67;5.57;5.57;5.57;2.00K;2.35%
06/21/2016;5.54;5.56;5.56;5.56;0.11K;-5.14%
06/20/2016;5.84;5.84;5.84;5.84;0.10K;3.18%
06/17/2016;5.66;5.74;5.74;5.67;0.07K;-0.70%
06/16/2016;5.70;5.70;5.70;5.70;0.18K;-3.23%
06/15/2016;5.89;5.89;5.89;5.89;0.18K;0.86%
06/14/2016;5.84;5.84;5.84;5.84;1.09K;0.00%
06/13/2016;5.84;5.89;5.89;5.85;0.14K;-1.68%
06/10/2016;5.94;5.97;5.97;5.95;0.12K;-2.62%
06/09/2016;6.10;6.06;6.06;6.06;0.07K;0.16%
06/08/2016;6.09;6.09;6.09;6.09;0.64K;-0.16%
06/07/2016;6.10;6.36;6.36;6.36;0.07K;-1.45%
06/06/2016;6.19;6.19;6.19;6.19;1.12K;4.38%
06/03/2016;5.93;5.93;5.93;5.93;0.06K;-1.33%
06/02/2016;6.01;6.01;6.01;6.01;1.30K;1.01%
06/01/2016;5.95;5.98;5.98;5.98;0.06K;-2.14%
05/31/2016;6.08;6.08;6.08;6.08;1.75K;-0.33%
05/30/2016;6.10;6.10;6.10;6.10;0.06K;1.33%
05/27/2016;6.02;6.02;6.02;6.02;2.92K;0.17%
05/26/2016;6.01;6.01;6.01;6.01;0.06K;2.74%
05/25/2016;5.85;5.85;5.85;5.85;0.05K;1.21%
05/24/2016;5.78;5.81;5.81;5.81;0.00K;1.05%
05/23/2016;5.72;5.90;5.90;5.86;0.01K;-3.87%
05/20/2016;5.95;5.92;5.97;5.92;0.03K;-0.50%
05/19/2016;5.98;5.90;5.90;5.89;0.50K;-1.16%
05/18/2016;6.05;6.05;6.05;6.05;1.41K;0.17%
05/17/2016;6.04;6.04;6.04;6.04;1.27K;-0.98%
05/16/2016;6.10;6.10;6.10;6.10;0.11K;4.45%
05/13/2016;5.84;5.85;5.85;5.85;0.15K;0.69%
05/12/2016;5.80;5.80;5.80;5.80;0.75K;-3.49%
05/11/2016;6.01;5.83;5.83;5.83;0.01K;2.04%
05/10/2016;5.89;5.89;5.89;5.89;1.12K;3.51%
05/09/2016;5.69;5.69;5.69;5.69;0.98K;-2.74%
05/06/2016;5.85;5.85;5.85;5.85;0.99K;-5.49%
05/05/2016;6.19;6.19;6.19;6.19;0.23K;1.14%
05/04/2016;6.12;6.12;6.12;6.12;0.68K;2.34%
05/03/2016;5.98;5.98;5.98;5.98;0.48K;-1.97%
05/02/2016;6.10;6.10;6.10;6.10;0.36K;-1.13%
04/29/2016;6.17;6.17;6.17;6.17;1.98K;-2.53%
04/28/2016;6.33;6.33;6.33;6.33;3.60K;-7.32%
04/27/2016;6.83;6.83;6.83;6.83;1.80K;3.33%
04/26/2016;6.61;6.61;6.61;6.61;2.24K;12.22%
04/25/2016;5.89;5.94;6.06;5.94;0.05K;-1.17%
04/22/2016;5.96;5.75;5.75;5.75;0.01K;3.83%
04/21/2016;5.74;5.74;5.74;5.74;1.14K;3.61%
04/20/2016;5.54;5.50;5.50;5.50;0.02K;-0.36%
04/19/2016;5.56;5.56;5.56;5.56;0.04K;1.83%
04/18/2016;5.46;5.46;5.46;5.46;0.08K;-0.18%
04/15/2016;5.47;5.55;5.55;5.55;0.01K;-2.32%
04/14/2016;5.60;5.60;5.60;5.60;1.15K;1.27%
04/13/2016;5.53;5.50;5.50;5.50;0.01K;-0.90%
04/12/2016;5.58;5.58;5.58;5.58;0.35K;0.18%
04/11/2016;5.57;5.52;5.52;5.52;0.05K;2.96%
04/08/2016;5.41;5.41;5.41;5.41;0.24K;2.66%
04/07/2016;5.27;5.27;5.27;5.27;0.43K;-0.57%
04/06/2016;5.30;5.30;5.30;5.30;1.51K;1.34%
04/05/2016;5.23;5.32;5.32;5.32;0.01K;-1.69%
04/04/2016;5.32;5.32;5.32;5.32;0.81K;3.10%
04/01/2016;5.16;5.16;5.16;5.16;3.60K;-0.77%
03/31/2016;5.20;5.09;5.09;5.09;0.01K;5.05%
03/30/2016;4.95;4.77;4.77;4.77;0.01K;3.77%
03/29/2016;4.77;4.77;4.77;4.77;0.09K;-1.45%
03/24/2016;4.84;4.84;4.84;4.84;0.01K;1.04%
03/23/2016;4.79;4.79;4.79;4.79;1.52K;-0.42%
03/22/2016;4.81;4.81;4.81;4.81;0.69K;-1.03%
03/21/2016;4.86;4.86;4.86;4.86;0.14K;-1.42%
03/18/2016;4.93;4.96;5.01;4.96;0.03K;-1.20%
03/17/2016;4.99;4.99;4.99;4.99;1.64K;0.81%
03/16/2016;4.95;4.95;4.95;4.95;0.26K;2.06%
03/15/2016;4.85;4.61;4.87;4.61;0.02K;0.00%
03/14/2016;4.85;4.97;4.97;4.85;0.28K;-2.61%
03/11/2016;4.98;5.05;5.05;4.93;1.53K;1.63%
03/10/2016;4.90;4.99;5.01;4.84;1.32K;-3.35%
03/09/2016;5.07;4.98;5.08;4.95;0.55K;1.20%
03/08/2016;5.01;5.00;5.20;5.00;0.24K;-1.57%
03/07/2016;5.09;4.97;4.97;4.95;0.18K;3.46%
03/04/2016;4.92;4.86;4.89;4.78;0.76K;0.82%
03/03/2016;4.88;4.95;4.95;4.79;1.81K;-1.41%
03/02/2016;4.95;4.99;4.99;4.90;0.82K;-0.80%
03/01/2016;4.99;4.96;5.02;4.91;0.14K;0.00%
02/29/2016;4.99;4.95;4.96;4.95;0.02K;0.20%
02/26/2016;4.98;4.98;4.98;4.98;0.45K;-1.58%
02/25/2016;5.06;4.99;4.99;4.95;0.01K;4.33%
02/24/2016;4.85;4.72;4.72;4.72;0.00K;-0.82%
02/23/2016;4.89;4.89;4.89;4.89;0.78K;-9.44%
02/22/2016;5.40;5.24;5.24;5.24;0.01K;4.85%
02/19/2016;5.15;5.15;5.15;5.15;1.12K;-1.72%
02/18/2016;5.24;5.24;5.24;5.24;0.42K;3.35%
02/17/2016;5.07;5.07;5.07;5.07;0.48K;8.57%
02/16/2016;4.67;4.88;4.88;4.88;0.01K;-2.51%
02/15/2016;4.79;4.98;4.98;4.95;0.02K;-5.15%
02/12/2016;5.05;5.05;5.05;5.05;3.08K;6.77%
02/11/2016;4.73;4.63;4.63;4.63;0.01K;-2.87%
02/10/2016;4.87;4.87;4.87;4.87;1.17K;-1.62%
02/09/2016;4.95;5.15;5.15;5.15;0.01K;-5.35%
02/08/2016;5.23;5.20;5.20;5.20;0.01K;-5.60%
02/05/2016;5.54;5.54;5.54;5.54;1.77K;-1.07%
02/04/2016;5.60;5.60;5.60;5.60;0.01K;-0.18%
02/03/2016;5.61;5.61;5.61;5.61;0.42K;-3.44%
02/02/2016;5.81;5.62;5.62;5.62;0.04K;2.29%
02/01/2016;5.68;5.85;5.85;5.81;0.02K;-5.96%
01/29/2016;6.04;6.04;6.04;6.04;4.66K;-0.33%
01/28/2016;6.06;6.06;6.06;6.06;1.18K;2.71%
01/27/2016;5.90;5.90;5.90;5.90;1.60K;-2.80%
01/26/2016;6.07;6.07;6.07;6.07;0.86K;3.41%
01/25/2016;5.87;5.95;5.95;5.90;0.88K;-7.12%
01/22/2016;6.32;6.32;6.32;6.32;0.08K;2.43%
01/21/2016;6.17;6.17;6.17;6.17;1.21K;-2.22%
01/20/2016;6.31;6.61;6.61;6.58;0.01K;-7.34%
01/19/2016;6.81;6.81;6.81;6.81;0.51K;1.49%
01/18/2016;6.71;6.55;6.55;6.55;0.01K;0.60%
01/15/2016;6.67;7.00;7.00;6.73;0.01K;-5.79%
01/14/2016;7.08;7.08;7.08;7.08;1.06K;-2.21%
01/13/2016;7.24;7.24;7.24;7.24;1.50K;1.97%
01/12/2016;7.10;7.10;7.10;7.10;3.00K;-0.28%
01/11/2016;7.12;7.12;7.12;7.12;0.47K;-3.91%
01/08/2016;7.41;7.41;7.41;7.41;0.81K;-1.72%
01/07/2016;7.54;7.54;7.54;7.54;0.11K;-2.58%
01/06/2016;7.74;8.02;8.03;7.93;0.16K;-3.13%
01/05/2016;7.99;8.06;8.06;8.06;0.01K;-0.62%
01/04/2016;8.04;8.04;8.04;8.04;0.18K;-2.19%
12/31/2015;8.22;8.22;8.22;8.22;0.63K;0.12%
12/30/2015;8.21;8.21;8.21;8.21;0.09K;-0.73%
12/29/2015;8.27;8.27;8.27;8.27;0.04K;-0.48%
12/28/2015;8.31;8.31;8.31;8.31;0.03K;1.47%
12/24/2015;8.19;8.19;8.19;8.19;0.01K;-0.36%
12/23/2015;8.22;8.22;8.22;8.22;0.05K;-0.36%
12/22/2015;8.25;8.25;8.25;8.25;0.15K;0.73%
12/21/2015;8.19;8.19;8.19;8.19;0.18K;1.61%
12/18/2015;8.06;8.06;8.06;8.06;0.54K;-0.12%
12/17/2015;8.07;8.12;8.12;8.12;0.30K;-0.74%
12/16/2015;8.13;8.13;8.13;8.13;0.46K;-0.73%
12/15/2015;8.19;8.19;8.19;8.19;0.47K;1.49%
12/14/2015;8.07;7.99;8.08;7.90;23.52K;0.00%
12/11/2015;8.07;8.33;8.34;7.93;24.79K;-3.47%
12/10/2015;8.36;8.43;8.43;8.29;35.11K;-0.48%
12/09/2015;8.40;8.43;8.44;8.33;17.27K;-0.12%
12/08/2015;8.41;8.44;8.44;8.35;25.72K;0.00%
12/07/2015;8.41;8.52;8.53;8.40;28.90K;-1.29%
12/04/2015;8.52;8.55;8.65;8.50;36.04K;-0.81%
12/03/2015;8.59;8.47;8.61;8.42;22.65K;1.30%
12/02/2015;8.48;8.56;8.57;8.47;20.93K;-0.93%
12/01/2015;8.56;8.56;8.59;8.49;11.41K;-0.23%
11/30/2015;8.58;8.58;8.58;8.58;0.33K;0.00%
11/27/2015;8.58;8.56;8.56;8.56;0.01K;0.00%
11/26/2015;8.58;8.58;8.58;8.58;0.52K;-0.46%
11/25/2015;8.62;8.62;8.62;8.62;0.20K;-0.35%
11/24/2015;8.65;8.62;8.62;8.62;0.00K;1.05%
11/23/2015;8.56;8.56;8.56;8.56;0.29K;0.59%
11/20/2015;8.51;8.51;8.51;8.51;0.39K;-1.39%
11/19/2015;8.63;8.63;8.63;8.63;0.35K;0.58%
11/18/2015;8.58;8.55;8.55;8.55;0.01K;-0.35%
11/17/2015;8.61;8.61;8.61;8.61;0.09K;0.94%
11/16/2015;8.53;8.38;8.40;8.38;0.02K;1.67%
11/13/2015;8.39;8.39;8.39;8.39;0.21K;0.24%
11/12/2015;8.37;8.37;8.37;8.37;0.11K;-0.83%
11/11/2015;8.44;8.44;8.44;8.44;0.24K;0.00%
11/10/2015;8.44;8.44;8.44;8.44;0.20K;1.56%
11/09/2015;8.31;8.31;8.31;8.31;0.20K;-1.07%
11/06/2015;8.40;8.40;8.40;8.40;0.24K;-0.71%
11/05/2015;8.46;8.46;8.46;8.46;0.81K;0.83%
11/04/2015;8.39;8.48;8.48;8.48;0.01K;-0.59%
11/03/2015;8.44;8.50;8.50;8.50;0.01K;-1.75%
11/02/2015;8.59;8.59;8.59;8.59;1.75K;-0.46%
10/30/2015;8.63;8.63;8.63;8.63;0.01K;-0.46%
10/29/2015;8.67;8.67;8.67;8.67;0.12K;1.29%
10/28/2015;8.56;8.56;8.56;8.56;0.10K;-0.47%
10/27/2015;8.60;8.60;8.60;8.60;2.27K;-0.58%
10/26/2015;8.65;8.56;8.56;8.56;0.01K;0.35%
10/23/2015;8.62;8.53;8.53;8.53;0.00K;1.77%
10/22/2015;8.47;8.46;8.46;8.46;0.03K;0.36%
10/21/2015;8.44;8.44;8.44;8.44;0.10K;-0.24%
10/20/2015;8.46;8.46;8.46;8.46;0.05K;1.44%
10/19/2015;8.34;8.34;8.34;8.34;4.03K;-0.48%
10/16/2015;8.38;8.38;8.38;8.38;0.25K;-0.36%
10/15/2015;8.41;8.47;8.47;8.47;0.01K;-0.12%
10/14/2015;8.42;8.42;8.42;8.42;0.27K;1.20%
10/13/2015;8.32;8.32;8.32;8.32;0.02K;0.48%
10/12/2015;8.28;8.32;8.32;8.32;0.01K;-0.60%
10/09/2015;8.33;8.33;8.33;8.33;0.25K;2.71%
10/08/2015;8.11;8.11;8.11;8.11;0.22K;0.25%
10/07/2015;8.09;8.09;8.09;8.09;1.05K;-1.34%
10/06/2015;8.20;8.20;8.20;8.20;0.09K;0.12%
10/05/2015;8.19;8.19;8.19;8.19;0.35K;0.74%
10/02/2015;8.13;8.15;8.15;8.15;0.01K;-0.25%
10/01/2015;8.15;8.15;8.15;8.15;1.01K;0.25%
09/30/2015;8.13;8.09;8.09;8.09;0.00K;2.14%
09/29/2015;7.96;7.96;7.96;7.96;0.45K;0.76%
09/28/2015;7.90;7.96;7.96;7.90;0.58K;-1.00%
09/25/2015;7.98;7.99;7.99;7.96;0.61K;-0.13%
09/24/2015;7.99;7.99;7.99;7.99;0.17K;-0.75%
09/23/2015;8.05;8.05;8.05;8.05;0.08K;0.63%
09/22/2015;8.00;8.01;8.01;7.98;0.07K;0.50%
09/21/2015;7.96;8.08;8.08;8.06;0.02K;-1.61%
09/18/2015;8.09;8.13;8.13;8.13;0.01K;-1.46%
09/17/2015;8.21;8.21;8.21;8.21;0.12K;0.00%
09/16/2015;8.21;8.21;8.21;8.21;1.71K;0.74%
09/15/2015;8.15;8.15;8.15;8.15;2.90K;-0.73%
09/14/2015;8.21;8.23;8.23;8.23;0.04K;-0.36%
09/11/2015;8.24;8.23;8.23;8.21;0.15K;-0.24%
09/10/2015;8.26;8.27;8.27;8.23;0.01K;0.12%
09/09/2015;8.25;8.27;8.27;8.27;0.01K;0.36%
09/08/2015;8.22;8.10;8.10;8.10;0.01K;1.99%
09/07/2015;8.06;8.06;8.06;8.06;1.54K;-0.12%
09/04/2015;8.07;8.07;8.07;8.07;0.32K;-0.98%
09/03/2015;8.15;8.15;8.15;8.07;0.01K;0.62%
09/02/2015;8.10;8.00;8.10;8.00;0.02K;1.38%
09/01/2015;7.99;7.99;7.99;7.99;0.10K;-0.75%
08/31/2015;8.05;8.05;8.05;8.05;0.20K;-0.49%
08/28/2015;8.09;8.03;8.03;8.03;0.02K;0.75%
08/27/2015;8.03;8.13;8.13;8.04;0.14K;-0.62%
08/26/2015;8.08;8.08;8.08;8.08;0.14K;-1.82%
08/25/2015;8.23;8.23;8.23;8.23;1.95K;0.98%
08/24/2015;8.15;8.13;8.13;8.13;0.17K;-0.37%
08/21/2015;8.18;8.18;8.18;8.18;0.01K;-1.92%
08/20/2015;8.34;8.34;8.34;8.34;0.09K;0.24%
08/19/2015;8.32;8.32;8.32;8.32;0.01K;0.85%
08/18/2015;8.25;8.25;8.25;8.25;0.05K;0.36%
08/17/2015;8.22;8.25;8.29;8.25;0.03K;-0.96%
08/14/2015;8.30;8.16;8.16;8.16;0.03K;1.59%
08/13/2015;8.17;8.21;8.21;8.21;0.03K;0.00%
08/12/2015;8.17;8.15;8.15;8.15;0.03K;1.24%
08/11/2015;8.07;7.93;7.93;7.93;0.01K;2.15%
08/10/2015;7.90;7.90;7.90;7.90;1.53K;1.80%
08/07/2015;7.76;7.80;7.80;7.80;0.00K;-0.77%
08/06/2015;7.82;7.82;7.82;7.82;1.23K;0.13%
08/05/2015;7.81;7.85;7.85;7.85;0.10K;-0.89%
08/04/2015;7.88;7.95;7.95;7.95;0.09K;-0.63%
08/03/2015;7.93;7.91;7.95;7.91;0.04K;1.02%
07/31/2015;7.85;7.85;7.85;7.85;0.00K;-0.13%
07/30/2015;7.86;8.04;8.04;7.87;0.05K;-2.24%
07/29/2015;8.04;8.04;8.04;8.04;0.30K;0.50%
07/28/2015;8.00;7.94;7.94;7.94;0.02K;0.00%
07/27/2015;8.00;7.97;7.97;7.97;0.02K;0.25%
07/24/2015;7.98;7.98;7.98;7.98;0.06K;-0.87%
07/23/2015;8.05;8.05;8.05;8.05;0.30K;1.39%
07/22/2015;7.94;7.94;7.94;7.94;0.35K;0.00%
07/21/2015;7.94;7.94;7.94;7.94;0.22K;-0.25%
07/20/2015;7.96;7.96;7.96;7.96;2.32K;3.11%
07/17/2015;7.72;7.67;7.67;7.65;0.01K;1.05%
07/16/2015;7.64;7.70;7.70;7.70;0.00K;-1.29%
07/15/2015;7.74;7.77;7.77;7.76;0.03K;0.39%
07/14/2015;7.71;7.77;7.81;7.77;0.03K;-0.77%
07/13/2015;7.77;7.65;7.65;7.65;0.02K;2.37%
07/10/2015;7.59;7.59;7.59;7.59;1.95K;1.74%
07/09/2015;7.46;7.46;7.46;7.46;0.70K;0.40%
07/08/2015;7.43;7.43;7.43;7.43;2.76K;-0.13%
07/07/2015;7.44;7.44;7.44;7.44;0.31K;1.09%
07/06/2015;7.36;7.39;7.39;7.33;0.06K;-0.81%
07/03/2015;7.42;7.42;7.42;7.42;1.85K;-0.13%
07/02/2015;7.43;7.47;7.47;7.47;0.01K;-0.54%
07/01/2015;7.47;7.47;7.47;7.47;0.15K;0.67%
06/30/2015;7.42;7.36;7.36;7.36;0.02K;1.23%
06/29/2015;7.33;7.30;7.38;7.30;1.09K;-2.53%
06/26/2015;7.52;7.52;7.52;7.52;0.31K;-0.79%
06/25/2015;7.58;7.55;7.55;7.55;0.52K;1.34%
06/24/2015;7.48;7.51;7.51;7.51;4.32K;0.00%
06/23/2015;7.48;7.48;7.48;7.48;0.25K;0.27%
06/22/2015;7.46;7.47;7.47;7.47;0.05K;0.67%
06/19/2015;7.41;7.43;7.43;7.40;0.12K;-0.54%
06/18/2015;7.45;7.47;7.47;7.47;0.01K;-0.13%
06/17/2015;7.46;7.47;7.47;7.44;0.06K;0.67%
06/16/2015;7.41;7.47;7.47;7.46;0.10K;-1.33%
06/15/2015;7.51;7.57;7.57;7.57;1.54K;-1.31%
06/12/2015;7.61;7.53;7.55;7.53;0.95K;1.47%
06/11/2015;7.50;7.55;7.55;7.55;0.05K;-1.06%
06/10/2015;7.58;7.54;7.60;7.54;0.28K;0.26%
06/09/2015;7.56;7.51;7.51;7.51;4.62K;1.61%
06/08/2015;7.44;7.44;7.44;7.44;0.11K;0.54%
06/05/2015;7.40;7.46;7.46;7.46;0.06K;0.14%
06/04/2015;7.39;7.50;7.50;7.41;0.08K;-1.20%
06/03/2015;7.48;7.50;7.53;7.50;0.10K;0.54%
06/02/2015;7.44;7.36;7.36;7.36;0.98K;2.76%
06/01/2015;7.24;7.25;7.25;7.25;0.01K;-1.09%
05/29/2015;7.32;7.29;7.29;7.29;1.05K;1.95%
05/28/2015;7.18;7.17;7.20;7.17;0.07K;0.14%
05/27/2015;7.17;7.18;7.18;7.18;0.05K;-0.69%
05/26/2015;7.22;7.37;7.37;7.37;0.04K;-1.90%
05/25/2015;7.36;7.37;7.37;7.37;0.04K;0.82%
05/22/2015;7.30;7.27;7.27;7.27;0.04K;0.00%
05/21/2015;7.30;7.36;7.38;7.32;0.02K;-0.68%
05/20/2015;7.35;7.49;7.49;7.49;0.04K;-0.27%
05/19/2015;7.37;7.55;7.55;7.55;0.04K;-3.03%
05/18/2015;7.60;7.53;7.53;7.53;0.00K;0.13%
05/15/2015;7.59;7.59;7.59;7.59;2.54K;0.53%
05/14/2015;7.55;7.55;7.55;7.55;0.03K;-1.18%
05/13/2015;7.64;7.60;7.60;7.60;0.00K;0.66%
05/12/2015;7.59;7.68;7.68;7.63;0.50K;-0.39%
05/11/2015;7.62;7.54;7.60;7.51;0.59K;1.20%
05/08/2015;7.53;7.53;7.53;7.53;0.04K;1.35%
05/07/2015;7.43;7.43;7.43;7.43;0.15K;-1.33%
05/06/2015;7.53;7.67;7.67;7.62;0.03K;-0.26%
05/05/2015;7.55;7.54;7.56;7.54;0.01K;-0.40%
05/04/2015;7.58;7.55;7.55;7.55;0.01K;1.34%
05/01/2015;7.48;7.48;7.48;7.48;0.63K;1.22%
04/30/2015;7.39;7.50;7.50;7.50;0.02K;-0.94%
04/29/2015;7.46;7.35;7.35;7.35;0.00K;1.50%
04/28/2015;7.35;7.15;7.31;7.15;0.03K;2.80%
04/27/2015;7.15;7.30;7.35;7.30;0.40K;-1.79%
04/24/2015;7.28;7.26;7.32;7.26;0.03K;0.41%
04/23/2015;7.25;7.06;7.11;7.06;1.33K;2.26%
04/22/2015;7.09;7.10;7.10;7.09;0.08K;0.14%
04/21/2015;7.08;7.10;7.10;7.10;0.48K;-0.70%
04/20/2015;7.13;7.13;7.13;7.13;1.48K;4.24%
04/17/2015;6.84;6.86;6.86;6.83;0.56K;-0.44%
04/16/2015;6.87;6.86;6.89;6.86;0.01K;0.29%
04/15/2015;6.85;6.85;6.85;6.85;0.14K;0.74%
04/14/2015;6.80;6.84;6.85;6.84;0.18K;0.00%
04/13/2015;6.80;6.92;6.92;6.80;0.04K;-2.02%
04/10/2015;6.94;6.98;6.99;6.97;1.88K;-1.00%
04/09/2015;7.01;7.11;7.11;7.06;0.55K;-1.54%
04/08/2015;7.12;7.11;7.15;7.11;0.03K;0.14%
04/07/2015;7.11;7.14;7.14;7.10;0.01K;-0.56%
04/06/2015;7.15;7.15;7.15;7.15;;0.00%
04/02/2015;7.15;7.17;7.19;7.17;0.00K;0.14%
04/01/2015;7.14;7.03;7.08;7.03;0.01K;3.18%
03/31/2015;6.92;6.93;6.93;6.91;0.24K;0.58%
03/30/2015;6.88;6.79;6.92;6.79;0.20K;1.78%
03/27/2015;6.76;6.76;6.76;6.76;0.28K;-2.73%
03/26/2015;6.95;6.99;6.99;6.99;0.02K;-0.29%
03/25/2015;6.97;7.03;7.05;6.80;0.10K;-0.85%
03/24/2015;7.03;7.03;7.03;7.03;0.03K;-0.14%
03/23/2015;7.04;6.97;7.07;6.92;3.62K;0.00%
03/20/2015;7.04;6.67;6.95;6.63;23.48K;5.55%
03/19/2015;6.67;6.76;6.76;6.67;12.23K;-1.04%
03/18/2015;6.74;6.69;6.81;6.65;1.28K;0.15%
03/17/2015;6.73;6.46;6.75;6.40;1.96K;3.70%
03/16/2015;6.49;6.39;6.51;6.36;2.00K;0.46%
03/13/2015;6.46;6.36;6.50;6.23;1.82K;0.78%
03/12/2015;6.41;6.70;6.70;6.39;2.36K;-5.18%
03/11/2015;6.76;6.77;6.80;6.74;0.73K;-0.88%
03/10/2015;6.82;6.66;6.82;6.58;0.67K;2.10%
03/09/2015;6.68;6.74;6.74;6.64;1.46K;-1.76%
03/06/2015;6.80;6.71;6.84;6.66;3.44K;0.74%
03/05/2015;6.75;7.02;7.02;6.69;0.73K;-3.85%
03/04/2015;7.02;6.65;7.03;6.62;1.20K;4.31%
03/03/2015;6.73;6.85;6.87;6.73;0.53K;-3.17%
03/02/2015;6.95;7.01;7.01;6.87;0.68K;-2.11%
02/27/2015;7.10;7.04;7.11;6.93;0.76K;0.57%
02/26/2015;7.06;7.30;7.33;7.02;0.27K;-4.47%
02/25/2015;7.39;7.63;7.66;7.40;15.72K;-1.07%
02/24/2015;7.47;7.73;7.73;7.29;0.39K;-2.99%
02/23/2015;7.70;7.20;7.74;7.19;1.42K;5.19%
02/20/2015;7.32;7.36;7.38;7.30;0.36K;-0.27%
02/19/2015;7.34;7.39;7.40;7.35;0.36K;-2.00%
02/18/2015;7.49;7.45;7.56;7.36;0.11K;0.27%
02/17/2015;7.47;7.60;7.60;7.47;0.04K;-2.35%
02/16/2015;7.65;7.59;7.79;7.59;0.14K;0.26%
02/13/2015;7.63;7.36;7.59;7.33;0.40K;3.25%
02/12/2015;7.39;7.33;7.39;7.16;0.56K;2.21%
02/11/2015;7.23;7.19;7.19;7.16;0.06K;1.83%
02/10/2015;7.10;6.89;7.06;6.86;0.08K;2.75%
02/09/2015;6.91;6.87;6.88;6.81;0.08K;-0.58%
02/06/2015;6.95;6.93;6.93;6.88;0.27K;-0.71%
02/05/2015;7.00;6.92;6.94;6.92;2.34K;1.01%
02/04/2015;6.93;6.99;6.99;6.85;0.03K;-1.84%
02/03/2015;7.06;7.09;7.09;7.08;0.17K;-0.98%
02/02/2015;7.13;7.08;7.12;7.08;0.03K;0.71%
01/30/2015;7.08;6.97;7.09;6.97;1.46K;0.28%
01/29/2015;7.06;6.95;7.09;6.95;0.44K;1.58%
01/28/2015;6.95;6.81;6.81;6.81;0.28K;1.61%
01/27/2015;6.84;6.83;6.83;6.83;0.30K;-0.15%
01/26/2015;6.85;6.82;6.82;6.77;0.00K;0.74%
01/23/2015;6.80;6.91;6.92;6.80;1.90K;0.59%
01/22/2015;6.76;7.34;7.34;6.77;3.35K;-7.65%
01/21/2015;7.32;7.30;7.34;7.30;10.07K;2.23%
01/20/2015;7.16;7.10;7.10;7.10;0.10K;-0.69%
01/19/2015;7.21;7.07;7.22;7.03;0.20K;1.12%
01/16/2015;7.13;7.13;7.13;7.11;1.83K;0.14%
01/15/2015;7.12;7.17;7.17;7.07;1.21K;-0.56%
01/14/2015;7.16;7.20;7.23;7.20;0.49K;-1.78%
01/13/2015;7.29;6.86;7.31;6.86;0.88K;8.64%
01/12/2015;6.71;6.65;6.65;6.63;0.04K;0.00%
01/09/2015;6.71;6.71;6.71;6.71;0.56K;-1.47%
01/08/2015;6.81;6.70;6.70;6.70;1.00K;0.44%
01/07/2015;6.78;6.71;6.71;6.66;0.46K;0.15%
01/06/2015;6.77;6.80;6.84;6.70;0.59K;-1.88%
01/05/2015;6.90;6.92;6.92;6.90;0.09K;-1.57%
01/02/2015;7.01;7.01;7.01;7.01;0.04K;-3.31%
12/31/2014;7.25;7.25;7.25;7.25;0.00K;0.55%
12/30/2014;7.21;7.25;7.26;7.18;0.21K;-0.55%
12/29/2014;7.25;7.17;7.25;7.17;0.16K;-2.95%
12/28/2014;7.47;7.47;7.47;7.47;;1.36%
12/24/2014;7.37;7.37;7.37;7.37;0.02K;1.66%
12/23/2014;7.25;7.25;7.25;7.25;0.35K;1.97%
12/22/2014;7.11;7.08;7.10;7.08;0.07K;-0.84%
12/21/2014;7.17;7.17;7.17;7.17;;1.27%
12/19/2014;7.08;7.08;7.08;7.04;0.44K;0.57%
12/18/2014;7.04;7.00;7.00;7.00;0.00K;0.72%
12/17/2014;6.99;6.98;6.99;6.95;0.06K;1.16%
12/16/2014;6.91;6.95;6.95;6.85;1.65K;0.29%
12/15/2014;6.89;6.64;6.89;6.58;16.83K;1.92%
12/14/2014;6.76;6.76;6.76;6.76;;1.50%
12/12/2014;6.66;6.71;6.72;6.56;22.47K;-1.19%
12/11/2014;6.74;6.51;6.76;6.51;22.02K;2.74%
12/10/2014;6.56;6.70;6.80;6.45;53.15K;-2.67%
12/09/2014;6.74;6.69;6.75;6.58;17.45K;1.20%
12/08/2014;6.66;6.65;6.69;6.58;11.46K;-0.15%
12/07/2014;6.67;6.67;6.67;6.67;;0.15%
12/05/2014;6.66;6.83;6.85;6.64;25.90K;-2.63%
12/04/2014;6.84;6.87;6.89;6.76;23.33K;-0.73%
12/03/2014;6.89;6.82;6.97;6.77;19.84K;0.58%
12/02/2014;6.85;7.09;7.13;6.83;27.57K;-3.11%
12/01/2014;7.07;7.03;7.10;6.93;22.82K;0.28%
11/30/2014;7.05;7.05;7.05;7.05;;0.14%
11/28/2014;7.04;7.07;7.08;6.99;11.36K;-0.71%
11/27/2014;7.09;7.15;7.17;7.05;16.73K;-1.39%
11/26/2014;7.19;7.14;7.21;7.08;13.88K;0.98%
11/25/2014;7.12;7.08;7.16;6.99;31.21K;1.14%
11/24/2014;7.04;7.07;7.07;7.07;0.01K;0.72%
11/21/2014;6.99;6.93;6.93;6.91;0.21K;0.58%
11/20/2014;6.95;6.95;6.95;6.95;2.35K;-1.14%
11/19/2014;7.03;7.03;7.03;7.03;1.13K;0.29%
11/18/2014;7.01;7.01;7.01;7.01;3.53K;1.74%
11/17/2014;6.89;6.89;6.89;6.89;0.27K;4.24%
11/14/2014;6.61;6.70;6.70;6.70;0.11K;-2.51%
11/13/2014;6.78;6.81;6.81;6.81;0.01K;-0.88%
11/12/2014;6.84;6.79;6.79;6.79;0.02K;0.74%
11/11/2014;6.79;6.66;6.66;6.66;0.08K;1.19%
11/10/2014;6.71;6.71;6.71;6.71;1.04K;-0.59%
11/07/2014;6.75;6.56;6.56;6.56;0.01K;1.96%
11/06/2014;6.62;6.62;6.62;6.62;0.03K;-0.15%
11/05/2014;6.63;6.63;6.63;6.63;0.31K;2.47%
11/04/2014;6.47;6.58;6.58;6.47;0.03K;-1.52%
11/03/2014;6.57;6.50;6.50;6.50;0.20K;3.63%
10/31/2014;6.34;6.34;6.34;6.34;0.10K;-1.09%
10/30/2014;6.41;6.41;6.41;6.41;1.60K;0.00%
10/29/2014;6.41;6.41;6.41;6.41;2.03K;4.23%
10/28/2014;6.15;6.15;6.15;6.15;0.00K;-1.91%
10/27/2014;6.27;6.31;6.31;6.31;0.00K;-1.88%
10/24/2014;6.39;6.39;6.39;6.39;0.69K;1.11%
10/23/2014;6.32;6.15;6.20;6.15;2.03K;1.77%
10/22/2014;6.21;6.22;6.22;6.22;0.09K;0.65%
10/21/2014;6.17;6.19;6.20;6.19;1.07K;0.65%
10/20/2014;6.13;6.09;6.09;6.09;0.27K;0.16%
10/17/2014;6.12;6.12;6.12;6.12;1.00K;-1.29%
10/16/2014;6.20;6.14;6.22;6.14;1.13K;0.98%
10/15/2014;6.14;6.14;6.14;6.14;0.51K;1.15%
10/14/2014;6.07;6.11;6.15;6.11;0.00K;0.50%
10/13/2014;6.04;6.04;6.04;6.04;1.34K;0.33%
10/10/2014;6.02;5.98;5.98;5.98;0.00K;-1.31%
10/09/2014;6.10;6.07;6.11;6.07;0.01K;1.16%
10/08/2014;6.03;5.75;6.03;5.75;0.00K;5.42%
10/07/2014;5.72;5.69;5.69;5.69;0.01K;1.06%
10/06/2014;5.66;5.50;5.65;5.50;0.02K;0.00%
10/03/2014;5.66;5.55;5.60;5.55;0.02K;-0.18%
10/02/2014;5.67;5.77;5.77;5.72;0.00K;-2.07%
10/01/2014;5.79;5.78;5.78;5.78;0.00K;-0.52%
09/30/2014;5.82;5.80;5.81;5.80;0.01K;1.22%
09/29/2014;5.75;5.89;5.89;5.75;6.68K;-2.71%
09/26/2014;5.91;5.82;5.82;5.82;0.01K;1.90%
09/25/2014;5.80;5.75;5.79;5.73;3.20K;0.00%
09/24/2014;5.80;5.65;5.80;5.65;0.22K;2.65%
09/23/2014;5.65;5.91;5.91;5.81;0.13K;-5.52%
09/22/2014;5.98;6.00;6.00;5.98;0.05K;-0.50%
09/19/2014;6.01;5.96;5.97;5.95;0.24K;0.67%
09/18/2014;5.97;5.89;5.96;5.81;0.24K;1.53%
09/17/2014;5.88;5.77;5.85;5.77;0.14K;1.55%
09/16/2014;5.79;5.87;5.87;5.75;0.14K;-2.03%
09/15/2014;5.91;5.96;5.98;5.91;0.19K;-2.15%
09/12/2014;6.04;6.09;6.09;5.96;0.05K;-0.98%
09/11/2014;6.10;6.10;6.10;6.07;0.07K;0.33%
09/10/2014;6.08;6.09;6.09;6.03;0.08K;-0.65%
09/09/2014;6.12;6.25;6.26;6.15;0.07K;-2.39%
09/08/2014;6.27;6.27;6.30;6.25;0.16K;0.16%
09/05/2014;6.26;6.10;6.12;6.06;0.10K;2.45%
09/04/2014;6.11;6.34;6.34;6.12;4.94K;-3.32%
09/03/2014;6.32;6.27;6.27;6.27;0.05K;-0.94%
09/02/2014;6.38;6.37;6.37;6.36;0.11K;-0.16%
09/01/2014;6.39;6.32;6.37;6.27;0.07K;0.16%
08/29/2014;6.38;6.43;6.44;6.38;0.07K;-0.78%
08/28/2014;6.43;6.38;6.40;6.38;0.08K;1.26%
08/27/2014;6.35;6.34;6.35;6.34;0.10K;0.95%
08/26/2014;6.29;6.28;6.30;6.28;0.12K;-0.47%
08/25/2014;6.32;6.36;6.39;6.36;0.03K;-0.47%
08/22/2014;6.35;6.36;6.37;6.33;0.10K;0.16%
08/21/2014;6.34;6.37;6.37;6.28;0.08K;-1.09%
08/20/2014;6.41;6.48;6.48;6.41;0.09K;-0.31%
08/19/2014;6.43;6.41;6.42;6.41;0.09K;1.74%
08/18/2014;6.32;6.32;6.32;6.32;1.05K;-0.63%
08/15/2014;6.36;6.36;6.36;6.36;0.01K;2.42%
08/14/2014;6.21;6.22;6.22;6.22;0.03K;0.00%
08/13/2014;6.21;6.21;6.21;6.21;1.10K;1.97%
08/12/2014;6.09;6.09;6.09;6.09;0.02K;-0.33%
08/11/2014;6.11;6.02;6.02;6.02;0.00K;2.52%
08/08/2014;5.96;5.89;6.00;5.81;0.09K;0.51%
08/07/2014;5.93;6.21;6.21;6.20;0.05K;-4.20%
08/06/2014;6.19;6.20;6.23;6.17;0.63K;0.16%
08/05/2014;6.18;6.16;6.16;6.14;1.00K;-0.64%
08/04/2014;6.22;6.27;6.27;6.15;0.09K;-1.11%
08/03/2014;6.29;6.29;6.29;6.29;;0.48%
08/01/2014;6.26;6.29;6.31;6.23;1.05K;1.13%
07/31/2014;6.19;6.14;6.14;6.13;0.58K;1.31%
07/30/2014;6.11;6.01;6.12;6.00;0.22K;1.50%
07/29/2014;6.02;6.13;6.15;6.10;1.30K;-2.43%
07/28/2014;6.17;6.07;6.22;6.06;0.71K;0.98%
07/25/2014;6.11;6.11;6.11;6.11;0.25K;1.33%
07/24/2014;6.03;6.10;6.10;6.02;0.12K;-1.95%
07/23/2014;6.15;6.17;6.17;6.14;0.23K;0.00%
07/22/2014;6.15;6.05;6.16;6.05;0.35K;1.82%
07/21/2014;6.04;6.03;6.03;6.03;1.00K;1.00%
07/18/2014;5.98;5.98;5.98;5.98;0.47K;-2.45%
07/17/2014;6.13;6.04;6.04;5.92;0.11K;1.83%
07/16/2014;6.02;5.92;5.99;5.92;0.21K;1.69%
07/15/2014;5.92;5.85;5.96;5.85;0.24K;1.02%
07/14/2014;5.86;5.70;5.70;5.70;0.05K;2.45%
07/11/2014;5.72;5.67;5.73;5.63;0.14K;1.06%
07/10/2014;5.66;5.77;5.77;5.74;0.07K;-2.25%
07/09/2014;5.79;5.72;5.76;5.72;0.05K;1.05%
07/08/2014;5.73;5.65;5.69;5.65;0.10K;3.43%
07/07/2014;5.54;5.54;5.57;5.53;0.14K;-2.29%
07/06/2014;5.67;5.67;5.67;5.67;;0.35%
07/04/2014;5.65;6.00;6.00;5.64;0.08K;-5.68%
07/03/2014;5.99;5.93;5.99;5.93;0.40K;-1.32%
07/02/2014;6.07;6.04;6.08;6.00;0.55K;1.00%
07/01/2014;6.01;5.99;5.99;5.99;0.01K;3.44%
06/30/2014;5.81;5.80;5.87;5.80;2.43K;0.87%
06/27/2014;5.76;5.74;5.74;5.69;2.19K;1.05%
06/26/2014;5.70;5.77;5.77;5.69;0.32K;-0.18%
06/25/2014;5.71;5.79;5.84;5.67;0.56K;-0.52%
06/24/2014;5.74;5.82;5.87;5.76;1.80K;-0.86%
06/23/2014;5.79;5.63;5.79;5.63;0.36K;2.48%
06/20/2014;5.65;5.62;5.67;5.62;0.44K;1.99%
06/19/2014;5.54;5.62;5.62;5.53;0.68K;-1.95%
06/18/2014;5.65;5.76;5.76;5.76;0.09K;-0.88%
06/17/2014;5.70;5.70;5.70;5.70;0.14K;1.24%
06/16/2014;5.63;5.66;5.66;5.66;0.07K;-0.53%
06/13/2014;5.66;5.71;5.71;5.66;0.24K;1.98%
06/12/2014;5.55;5.45;5.52;5.44;0.48K;3.54%
06/11/2014;5.36;5.54;5.54;5.39;1.23K;-2.37%
06/10/2014;5.49;5.51;5.51;5.51;0.18K;-0.72%
06/09/2014;5.53;5.53;5.53;5.53;0.00K;1.65%
06/06/2014;5.44;5.47;5.47;5.47;0.06K;-1.81%
06/05/2014;5.54;5.37;5.54;5.37;0.73K;2.78%
06/04/2014;5.39;5.40;5.44;5.40;0.09K;-0.74%
06/03/2014;5.43;5.14;5.39;5.14;0.50K;5.64%
06/02/2014;5.14;4.94;5.14;4.94;0.20K;1.78%
05/30/2014;5.05;5.11;5.13;5.11;0.32K;-2.88%
05/29/2014;5.20;5.21;5.22;5.20;0.45K;0.00%
05/28/2014;5.20;5.21;5.22;5.18;0.86K;0.58%
05/27/2014;5.17;5.06;5.20;5.06;0.34K;1.57%
05/26/2014;5.09;5.10;5.12;5.10;0.22K;-0.59%
05/23/2014;5.12;5.17;5.17;5.10;1.02K;-0.78%
05/22/2014;5.16;5.28;5.28;5.12;0.57K;0.78%
05/21/2014;5.12;4.94;5.12;4.94;0.07K;5.79%
05/20/2014;4.84;4.63;4.82;4.60;0.19K;3.20%
05/19/2014;4.69;4.75;4.75;4.63;11.89K;-2.09%
05/16/2014;4.79;4.75;4.82;4.75;0.06K;0.42%
05/15/2014;4.77;4.97;4.97;4.67;0.27K;-6.47%
05/14/2014;5.10;5.26;5.27;5.13;0.03K;-3.41%
05/13/2014;5.28;5.28;5.28;5.28;0.06K;-0.38%
05/12/2014;5.30;5.30;5.30;5.28;0.34K;0.00%
05/11/2014;5.30;5.30;5.30;5.30;;1.15%
05/09/2014;5.24;5.14;5.17;5.14;0.49K;2.14%
05/08/2014;5.13;5.10;5.15;5.07;0.55K;0.20%
05/07/2014;5.12;5.25;5.25;5.14;0.09K;-1.92%
05/06/2014;5.22;5.24;5.30;5.24;0.63K;0.19%
05/05/2014;5.21;5.16;5.28;5.15;0.21K;0.58%
05/02/2014;5.18;5.13;5.19;5.13;0.02K;-4.25%
05/01/2014;5.41;5.37;5.37;5.36;0.26K;0.19%
04/30/2014;5.40;5.45;5.45;5.29;0.25K;-0.18%
04/29/2014;5.41;5.27;5.41;5.27;1.27K;4.04%
04/28/2014;5.20;5.22;5.22;5.05;6.22K;2.77%
04/25/2014;5.06;5.60;5.60;5.01;1.71K;-11.38%
04/24/2014;5.71;5.74;5.74;5.70;0.41K;0.88%
04/23/2014;5.66;5.64;5.68;5.56;0.44K;-0.18%
04/22/2014;5.67;5.68;5.68;5.58;0.30K;2.35%
04/17/2014;5.54;5.40;5.51;5.40;0.38K;1.65%
04/16/2014;5.45;5.49;5.57;5.40;0.20K;-1.45%
04/15/2014;5.53;5.20;5.56;5.20;1.56K;5.74%
04/14/2014;5.23;5.23;5.23;5.23;0.90K;-1.51%
04/11/2014;5.31;5.35;5.35;5.24;1.65K;3.91%
04/10/2014;5.11;4.93;5.08;4.93;0.85K;3.65%
04/09/2014;4.93;4.86;4.98;4.85;1.31K;1.65%
04/08/2014;4.85;5.05;5.05;4.86;0.71K;-2.41%
04/07/2014;4.97;4.66;4.95;4.66;1.46K;6.20%
04/04/2014;4.68;4.81;4.81;4.60;1.95K;-3.51%
04/03/2014;4.85;4.77;4.84;4.55;0.65K;0.62%
04/02/2014;4.82;4.89;4.89;4.74;0.23K;-4.37%
04/01/2014;5.04;4.66;5.15;4.66;0.17K;8.62%
03/31/2014;4.64;4.29;4.68;3.97;2.52K;6.91%
03/28/2014;4.34;5.10;5.12;3.98;5.02K;-16.05%
03/27/2014;5.17;5.74;5.74;5.16;4.10K;-10.86%
03/26/2014;5.80;5.84;5.88;5.79;0.69K;-0.85%
03/25/2014;5.85;5.84;5.96;5.79;5.28K;-0.17%
03/24/2014;5.86;6.12;6.12;5.82;2.75K;-5.18%
03/21/2014;6.18;6.09;6.16;6.05;0.31K;2.83%
03/20/2014;6.01;5.94;6.12;5.94;0.36K;0.33%
03/19/2014;5.99;5.79;6.04;5.79;0.38K;4.17%
03/18/2014;5.75;5.88;6.03;5.66;0.47K;-2.04%
03/17/2014;5.87;6.18;6.20;5.68;0.44K;-6.68%
03/14/2014;6.29;6.35;6.35;6.18;0.84K;-2.18%
03/13/2014;6.43;6.45;6.53;6.32;1.75K;-1.08%
03/12/2014;6.50;6.73;6.73;6.38;0.54K;-4.69%
03/11/2014;6.82;6.77;6.89;6.73;1.66K;-1.02%
03/10/2014;6.89;6.96;6.97;6.84;1.08K;-0.14%
03/07/2014;6.90;6.82;6.97;6.72;0.23K;1.47%
03/06/2014;6.80;6.71;6.79;6.71;0.63K;0.44%
03/05/2014;6.77;6.93;6.94;6.64;0.13K;-0.59%
03/04/2014;6.81;6.75;6.81;6.30;1.46K;3.03%
03/03/2014;6.61;7.28;7.28;6.60;0.19K;-6.37%
02/28/2014;7.06;6.84;7.10;6.83;3.66K;8.62%
02/27/2014;6.50;6.56;6.56;6.28;3.54K;0.31%
02/26/2014;6.48;6.33;6.52;6.12;2.79K;4.35%
02/25/2014;6.21;6.92;6.92;6.20;2.30K;-11.16%
02/24/2014;6.99;7.12;7.19;7.07;0.28K;-1.83%
02/21/2014;7.12;6.88;7.05;6.88;0.34K;2.15%
02/20/2014;6.97;6.94;7.02;6.94;1.13K;1.01%
02/19/2014;6.90;6.66;6.87;6.66;3.20K;2.53%
02/18/2014;6.73;6.72;6.72;6.67;0.09K;-0.88%
02/17/2014;6.79;6.70;6.70;6.70;0.81K;3.35%
02/14/2014;6.57;6.33;6.55;6.33;0.40K;3.14%
02/13/2014;6.37;6.26;6.26;6.23;0.21K;0.47%
02/12/2014;6.34;6.42;6.43;6.37;0.48K;1.60%
02/11/2014;6.24;6.33;6.33;6.32;0.03K;-2.50%
02/10/2014;6.40;6.40;6.40;6.31;0.05K;-0.16%
02/07/2014;6.41;6.40;6.40;6.40;0.03K;-0.31%
02/06/2014;6.43;6.03;6.03;6.03;0.00K;6.11%
02/05/2014;6.06;6.06;6.06;6.06;0.60K;4.48%
02/04/2014;5.80;5.85;5.85;5.85;0.01K;-0.34%
02/03/2014;5.82;5.82;5.82;5.82;0.68K;5.82%
01/31/2014;5.50;5.54;5.54;5.54;0.91K;-3.34%
01/30/2014;5.69;5.69;5.69;5.69;5.74K;3.83%
01/29/2014;5.48;5.48;5.48;5.48;1.67K;-0.36%
01/28/2014;5.50;5.50;5.50;5.50;0.50K;2.80%
01/27/2014;5.35;5.40;5.40;5.40;2.30K;2.10%
01/24/2014;5.24;5.00;5.00;4.95;0.01K;4.59%
01/23/2014;5.01;5.04;5.12;4.98;0.03K;-1.96%
01/22/2014;5.11;5.05;5.06;5.05;6.84K;1.79%
01/21/2014;5.02;4.84;4.94;4.84;5.05K;2.24%
01/20/2014;4.91;4.91;4.91;4.91;4.00K;-2.77%
01/17/2014;5.05;5.05;5.11;5.05;7.03K;0.00%
01/16/2014;5.05;4.94;5.10;4.94;3.02K;5.21%
01/15/2014;4.80;4.90;4.90;4.80;0.03K;-0.21%
01/14/2014;4.81;4.79;4.84;4.79;0.05K;4.11%
01/13/2014;4.62;4.55;4.55;4.55;0.01K;2.21%
01/10/2014;4.52;4.52;4.52;4.52;0.00K;0.44%
01/09/2014;4.50;4.50;4.50;4.50;0.02K;-1.53%
01/08/2014;4.57;4.73;4.73;4.73;1.20K;-1.93%
01/07/2014;4.66;4.65;4.70;4.65;0.02K;1.08%
01/06/2014;4.61;4.70;4.70;4.70;0.05K;-1.71%
01/03/2014;4.69;4.69;4.69;4.69;0.15K;-0.42%
01/02/2014;4.71;4.83;4.83;4.75;0.01K;-4.56%
01/01/2014;4.93;4.93;4.93;4.93;;2.17%
12/31/2013;4.83;4.83;4.99;4.81;0.18K;-1.63%
12/30/2013;4.91;4.91;4.91;4.91;0.10K;-0.20%
12/27/2013;4.92;4.94;4.95;4.94;0.05K;-1.50%
12/26/2013;4.99;4.99;4.99;4.99;;1.73%
12/24/2013;4.91;4.91;4.91;4.91;0.03K;2.72%
12/23/2013;4.78;4.78;4.79;4.78;0.02K;0.63%
12/20/2013;4.75;4.89;4.89;4.76;0.02K;-3.65%
12/19/2013;4.93;4.97;4.97;4.94;0.06K;1.23%
12/18/2013;4.87;4.90;4.90;4.90;0.01K;-0.41%
12/17/2013;4.89;4.89;4.89;4.89;0.30K;4.71%
12/16/2013;4.67;4.79;4.79;4.63;17.27K;-2.71%
12/13/2013;4.80;4.84;4.93;4.78;13.04K;-2.04%
12/12/2013;4.90;4.88;4.95;4.70;18.26K;0.41%
12/11/2013;4.88;5.00;5.01;4.76;22.32K;-2.79%
12/10/2013;5.02;4.89;5.03;4.73;28.74K;2.45%
12/09/2013;4.90;4.75;4.92;4.65;29.96K;2.30%
12/06/2013;4.79;4.66;4.81;4.63;16.47K;3.23%
12/05/2013;4.64;4.47;4.68;4.45;22.33K;3.57%
12/04/2013;4.48;4.48;4.48;4.43;10.12K;0.00%
12/03/2013;4.48;4.50;4.54;4.47;15.32K;-0.44%
12/02/2013;4.50;4.35;4.71;4.34;26.20K;3.21%
11/29/2013;4.36;4.40;4.43;4.35;20.30K;-1.58%
11/28/2013;4.43;4.45;4.47;4.38;36.12K;-0.89%
11/27/2013;4.47;4.49;4.58;4.45;37.48K;-0.45%
11/26/2013;4.49;4.40;4.50;4.40;21.07K;2.05%
11/25/2013;4.40;4.39;4.39;4.39;0.00K;-0.68%
11/24/2013;4.43;4.43;4.43;4.43;;0.00%
11/22/2013;4.43;4.56;4.56;4.45;0.10K;0.45%
11/21/2013;4.41;4.43;4.43;4.43;0.51K;-1.78%
11/20/2013;4.49;4.49;4.49;4.49;0.33K;1.58%
11/19/2013;4.42;4.43;4.43;4.41;0.12K;1.84%
11/18/2013;4.34;4.47;4.47;4.32;0.16K;-3.34%
11/15/2013;4.49;4.55;4.55;4.46;0.67K;-1.97%
11/14/2013;4.58;4.60;4.63;4.60;0.67K;-1.29%
11/13/2013;4.64;4.71;4.71;4.71;0.14K;0.00%
11/12/2013;4.64;4.59;4.59;4.58;0.72K;0.87%
11/11/2013;4.60;4.45;4.45;4.41;0.17K;2.68%
11/08/2013;4.48;4.85;4.86;4.50;0.15K;-6.47%
11/07/2013;4.79;4.75;4.86;4.75;0.19K;0.42%
11/06/2013;4.77;4.84;4.84;4.76;0.23K;-0.42%
11/05/2013;4.79;4.71;4.73;4.67;2.17K;5.27%
11/04/2013;4.55;4.59;4.73;4.59;0.19K;-1.30%
11/01/2013;4.61;4.61;4.61;4.61;0.78K;-3.96%
10/31/2013;4.80;4.87;4.92;4.86;0.40K;-3.03%
10/30/2013;4.95;5.02;5.10;5.02;0.36K;-2.56%
10/29/2013;5.08;4.78;5.05;4.78;0.13K;5.83%
10/28/2013;4.80;4.89;4.90;4.77;0.14K;-3.81%
10/25/2013;4.99;4.79;4.97;4.79;0.42K;7.31%
10/24/2013;4.65;4.58;4.58;4.58;0.00K;1.09%
10/23/2013;4.60;4.59;4.59;4.59;0.11K;-1.92%
10/22/2013;4.69;4.64;4.64;4.64;0.26K;2.63%
10/21/2013;4.57;4.87;4.87;4.75;0.23K;-10.57%
10/18/2013;5.11;5.22;5.22;5.10;0.31K;-0.97%
10/17/2013;5.16;5.25;5.35;5.15;0.46K;-3.01%
10/16/2013;5.32;5.02;5.30;5.02;1.23K;7.69%
10/15/2013;4.94;5.00;5.00;4.99;0.15K;2.92%
10/14/2013;4.80;4.55;4.62;4.53;0.23K;4.35%
10/11/2013;4.60;4.61;4.65;4.61;0.05K;-3.16%
10/10/2013;4.75;4.70;4.75;4.70;0.10K;-0.63%
10/09/2013;4.78;4.78;4.78;4.78;0.56K;-1.44%
10/08/2013;4.85;4.85;4.85;4.85;0.25K;-2.02%
10/07/2013;4.95;5.08;5.08;5.08;0.16K;-2.75%
10/04/2013;5.09;5.09;5.09;5.09;0.53K;-1.93%
10/03/2013;5.19;5.19;5.19;5.19;0.20K;-1.52%
10/02/2013;5.27;5.17;5.20;5.17;0.10K;2.53%
10/01/2013;5.14;5.16;5.16;5.16;0.01K;2.39%
09/30/2013;5.02;5.30;5.30;5.02;1.81K;-6.86%
09/27/2013;5.39;5.35;5.42;5.30;10.15K;-1.28%
09/26/2013;5.46;5.45;5.46;5.45;0.35K;1.68%
09/25/2013;5.37;5.33;5.38;5.30;0.35K;0.00%
09/24/2013;5.37;5.50;5.51;5.40;0.43K;-0.74%
09/23/2013;5.41;5.25;5.42;5.24;3.07K;1.12%
09/20/2013;5.35;5.31;5.34;5.30;1.10K;0.00%
09/19/2013;5.35;5.45;5.47;5.31;0.59K;-3.08%
09/18/2013;5.52;5.82;5.86;5.51;0.82K;-2.47%
09/17/2013;5.66;5.42;5.69;5.39;0.67K;3.66%
09/16/2013;5.46;5.41;5.58;5.38;0.56K;1.30%
09/13/2013;5.39;5.52;5.70;5.39;0.73K;-3.92%
09/12/2013;5.61;5.36;5.70;5.34;0.67K;6.86%
09/11/2013;5.25;4.99;5.17;4.95;0.41K;2.54%
09/10/2013;5.12;5.24;5.24;5.12;0.90K;-3.40%
09/09/2013;5.30;5.24;5.52;5.24;0.57K;-0.38%
09/06/2013;5.32;5.09;5.31;4.96;0.04K;7.47%
09/05/2013;4.95;4.56;4.88;4.56;0.13K;9.03%
09/04/2013;4.54;4.42;4.54;4.42;0.60K;3.18%
09/03/2013;4.40;4.40;4.43;4.37;0.77K;-2.00%
09/02/2013;4.49;4.53;4.53;4.44;0.35K;-1.32%
08/30/2013;4.55;4.55;4.58;4.53;0.83K;-0.66%
08/29/2013;4.58;4.56;4.61;4.55;0.49K;-0.22%
08/28/2013;4.59;4.57;4.61;4.55;0.86K;1.32%
08/27/2013;4.53;4.46;4.55;4.46;0.67K;2.72%
08/26/2013;4.41;4.44;4.45;4.44;0.70K;-0.23%
08/23/2013;4.42;4.51;4.51;4.42;0.02K;-2.00%
08/22/2013;4.51;4.41;4.46;4.41;0.02K;3.44%
08/21/2013;4.36;4.36;4.36;4.33;0.02K;0.46%
08/20/2013;4.34;4.34;4.34;4.34;0.01K;0.70%
08/19/2013;4.31;4.30;4.30;4.29;0.27K;-0.69%
08/16/2013;4.34;4.34;4.34;4.34;0.10K;0.00%
08/15/2013;4.34;4.38;4.39;4.34;0.90K;0.00%
08/14/2013;4.34;4.28;4.33;4.28;0.02K;1.40%
08/13/2013;4.28;4.28;4.28;4.25;0.03K;-0.47%
08/12/2013;4.30;4.42;4.42;4.34;0.01K;-2.93%
08/09/2013;4.43;4.52;4.54;4.52;0.01K;-1.56%
08/08/2013;4.50;4.45;4.48;4.43;0.03K;1.58%
08/07/2013;4.43;4.51;4.51;4.51;0.03K;-1.34%
08/06/2013;4.49;4.41;4.41;4.41;0.01K;2.05%
08/05/2013;4.40;4.40;4.40;4.40;0.03K;0.69%
08/02/2013;4.37;4.31;4.31;4.25;0.83K;1.16%
08/01/2013;4.32;4.35;4.35;4.32;0.97K;0.23%
07/31/2013;4.31;4.12;4.17;4.11;1.36K;1.17%
07/30/2013;4.26;4.33;4.33;4.32;3.09K;-0.93%
07/29/2013;4.30;4.30;4.32;4.30;2.58K;0.00%
07/26/2013;4.30;4.25;4.33;4.25;1.06K;0.70%
07/25/2013;4.27;4.30;4.33;4.30;2.22K;0.00%
07/24/2013;4.27;4.27;4.30;4.27;14.00K;0.95%
07/23/2013;4.23;4.23;4.23;4.23;0.48K;1.20%
07/22/2013;4.18;4.15;4.18;4.15;0.07K;0.48%
07/19/2013;4.16;4.09;4.16;4.09;0.51K;1.46%
07/18/2013;4.10;4.11;4.16;4.08;0.41K;0.00%
07/17/2013;4.10;4.13;4.15;4.07;0.72K;0.00%
07/16/2013;4.10;4.15;4.15;4.11;0.67K;1.74%
07/15/2013;4.03;4.01;4.05;4.00;0.90K;0.25%
07/12/2013;4.02;3.99;4.06;3.99;0.37K;-1.23%
07/11/2013;4.07;4.04;4.11;4.03;0.87K;1.24%
07/10/2013;4.02;4.06;4.06;4.02;1.33K;-2.90%
07/09/2013;4.14;4.19;4.25;4.07;0.42K;-1.66%
07/08/2013;4.21;4.28;4.28;4.13;1.20K;-1.17%
07/05/2013;4.26;4.37;4.40;4.37;0.77K;-5.75%
07/04/2013;4.52;4.62;4.62;4.52;1.19K;-3.00%
07/03/2013;4.66;3.77;4.80;3.41;4.38K;9.39%
07/02/2013;4.26;4.31;4.31;4.26;2.24K;1.19%
07/01/2013;4.21;4.13;4.13;4.13;0.01K;0.72%
06/28/2013;4.18;4.34;4.34;4.10;1.67K;-5.00%
06/27/2013;4.40;4.32;4.39;4.32;2.27K;0.23%
06/26/2013;4.39;4.34;4.40;4.31;1.84K;3.29%
06/25/2013;4.25;4.04;4.24;4.04;0.21K;3.91%
06/24/2013;4.09;4.40;4.40;4.07;8.85K;-5.98%
06/21/2013;4.35;4.35;4.41;4.21;3.28K;-1.14%
06/20/2013;4.40;4.35;4.43;4.32;10.11K;1.15%
06/19/2013;4.35;4.69;4.70;4.32;2.09K;-6.85%
06/18/2013;4.67;4.55;4.68;4.54;6.62K;2.64%
06/17/2013;4.55;4.69;4.70;4.45;2.86K;-4.01%
06/14/2013;4.74;4.40;4.73;4.37;3.72K;8.22%
06/13/2013;4.38;4.44;4.60;4.33;18.94K;-1.79%
06/12/2013;4.46;4.20;4.50;4.20;5.62K;7.21%
06/11/2013;4.16;4.00;4.16;3.88;6.77K;4.00%
06/10/2013;4.00;4.12;4.17;3.94;4.02K;-1.72%
06/07/2013;4.07;4.02;4.17;4.02;2.72K;3.04%
06/06/2013;3.95;3.82;4.01;3.82;4.24K;2.33%
06/05/2013;3.86;3.92;4.03;3.88;2.15K;-1.28%
06/04/2013;3.91;3.85;4.04;3.85;2.32K;1.03%
06/03/2013;3.87;3.81;3.90;3.76;1.74K;-1.02%
05/31/2013;3.91;3.88;4.01;3.83;2.64K;3.71%
05/30/2013;3.77;3.77;3.77;3.77;1.15K;1.89%
05/29/2013;3.70;3.61;3.75;3.57;1.20K;2.78%
05/28/2013;3.60;3.48;3.60;3.43;1.18K;4.35%
05/27/2013;3.45;3.42;3.54;3.42;0.58K;-1.71%
05/24/2013;3.51;3.32;3.52;3.24;4.49K;4.46%
05/23/2013;3.36;3.20;3.42;3.15;0.59K;2.44%
05/22/2013;3.28;3.43;3.47;3.26;2.15K;-6.55%
05/21/2013;3.51;3.51;3.53;3.40;0.71K;-1.40%
05/20/2013;3.56;3.56;3.56;3.56;0.49K;2.01%
05/17/2013;3.49;3.60;3.68;3.48;0.31K;-4.38%
05/16/2013;3.65;3.45;3.48;3.45;0.47K;1.67%
05/15/2013;3.59;3.50;3.60;3.50;0.80K;3.46%
05/14/2013;3.47;3.35;3.36;3.35;1.40K;7.76%
05/13/2013;3.22;3.26;3.29;3.20;1.28K;-3.30%
05/10/2013;3.33;3.60;3.60;3.34;0.04K;-10.96%
05/09/2013;3.74;3.61;3.62;3.61;0.23K;8.72%
05/08/2013;3.44;3.67;3.67;3.67;0.82K;-6.78%
05/07/2013;3.69;3.73;3.73;3.73;0.05K;-4.40%
05/06/2013;3.86;3.86;3.86;3.86;0.40K;3.49%
05/03/2013;3.73;3.55;3.64;3.55;0.09K;22.70%
05/02/2013;3.04;2.96;2.96;2.91;0.23K;5.92%
05/01/2013;2.87;2.87;2.87;2.87;0.01K;-6.51%
04/30/2013;3.07;3.20;3.24;3.12;0.03K;-5.83%
04/29/2013;3.26;3.31;3.31;3.27;0.03K;6.89%
04/26/2013;3.05;3.02;3.02;3.02;0.02K;4.45%
04/25/2013;2.92;2.91;2.91;2.91;0.17K;-2.01%
04/24/2013;2.98;3.02;3.02;2.99;0.03K;-2.30%
04/23/2013;3.05;2.71;3.09;2.71;0.54K;7.39%
04/22/2013;2.84;2.80;2.90;2.80;0.38K;-8.68%
04/19/2013;3.11;3.12;3.12;3.05;0.53K;2.98%
04/18/2013;3.02;3.00;3.00;2.98;0.63K;11.85%
04/17/2013;2.70;3.00;3.00;2.49;0.66K;-10.89%
04/16/2013;3.03;4.66;5.00;2.71;4.05K;-35.26%
04/15/2013;4.68;4.70;4.88;4.56;0.27K;-0.43%
04/12/2013;4.70;4.34;4.60;4.30;1.89K;9.81%
04/11/2013;4.28;4.36;4.43;4.19;0.85K;1.18%
04/10/2013;4.23;4.65;4.73;4.50;2.37K;-10.19%
04/09/2013;4.71;4.99;4.99;4.66;0.59K;-8.01%
04/08/2013;5.12;5.04;5.17;5.04;1.63K;0.39%
04/05/2013;5.10;5.02;5.09;4.99;1.61K;2.62%
04/04/2013;4.97;4.80;5.00;4.80;0.69K;2.47%
04/03/2013;4.85;4.95;4.95;4.95;0.50K;-0.41%
04/02/2013;4.87;4.67;4.86;4.67;0.04K;2.74%
03/28/2013;4.74;4.74;4.87;4.68;1.22K;-2.87%
03/27/2013;4.88;4.65;4.86;4.65;2.87K;7.25%
03/26/2013;4.55;4.51;4.75;4.51;0.12K;2.94%
03/25/2013;4.42;4.16;4.50;4.16;0.61K;8.33%
03/22/2013;4.08;4.41;4.41;4.13;0.83K;-6.21%
03/21/2013;4.35;3.95;4.46;3.95;3.59K;11.54%
03/20/2013;3.90;3.90;3.90;3.90;1.92K;13.04%
03/19/2013;3.45;3.38;3.45;3.38;0.35K;-0.86%
03/18/2013;3.48;3.60;3.60;3.45;14.88K;-6.20%
03/15/2013;3.71;3.55;3.75;3.52;5.61K;2.20%
03/14/2013;3.63;3.39;4.10;3.38;3.49K;5.22%
03/13/2013;3.45;3.74;3.74;3.39;6.43K;-5.74%
03/12/2013;3.66;3.85;3.86;3.68;1.95K;-5.67%
03/11/2013;3.88;4.11;4.11;3.88;3.49K;-7.18%
03/08/2013;4.18;4.09;4.18;4.07;0.89K;-1.42%
03/07/2013;4.24;4.15;4.24;4.10;4.84K;1.19%
03/06/2013;4.19;4.21;4.36;4.18;4.20K;1.21%
03/05/2013;4.14;4.54;4.54;4.21;0.93K;-8.61%
03/04/2013;4.53;4.65;4.65;4.55;0.38K;-0.88%
03/01/2013;4.57;4.76;4.78;4.55;4.76K;-4.79%
02/28/2013;4.80;4.32;4.87;4.32;1.22K;9.84%
02/27/2013;4.37;4.22;4.36;4.15;1.18K;4.05%
02/26/2013;4.20;4.18;4.40;4.05;1.15K;-6.04%
02/25/2013;4.47;4.95;4.95;4.42;0.89K;-11.83%
02/22/2013;5.07;5.00;5.09;4.99;4.35K;-1.93%
02/21/2013;5.17;4.98;5.18;4.97;0.52K;6.38%
02/20/2013;4.86;4.69;4.87;4.60;1.27K;6.58%
02/19/2013;4.56;4.70;4.90;4.16;6.70K;-8.62%
02/18/2013;4.99;4.98;5.34;4.98;0.75K;-1.38%
02/15/2013;5.06;5.03;5.11;5.02;0.05K;-1.17%
02/14/2013;5.12;5.01;5.20;4.95;0.32K;0.39%
02/13/2013;5.10;4.51;5.10;4.51;0.43K;14.35%
02/12/2013;4.46;4.45;4.58;4.45;0.43K;2.29%
02/11/2013;4.36;4.30;4.40;4.20;0.32K;-1.58%
02/08/2013;4.43;4.25;4.35;4.19;0.34K;8.31%
02/07/2013;4.09;4.05;4.09;3.99;0.40K;0.74%
02/06/2013;4.06;4.34;4.62;4.07;0.17K;-5.36%
02/05/2013;4.29;4.03;4.36;4.03;0.19K;2.39%
02/04/2013;4.19;3.97;4.45;3.97;0.13K;-0.48%
02/01/2013;4.21;3.28;4.17;3.22;0.15K;27.19%
01/31/2013;3.31;3.43;3.43;3.43;0.64K;-10.30%
01/30/2013;3.69;3.79;3.79;3.77;0.38K;-4.90%
01/29/2013;3.88;3.87;3.94;3.87;0.07K;-4.67%
01/28/2013;4.07;4.03;4.11;3.90;0.64K;1.75%
01/25/2013;4.00;4.06;4.09;3.77;3.20K;-4.99%
01/24/2013;4.21;4.65;4.65;3.23;2.62K;-6.86%
01/23/2013;4.52;5.40;5.40;4.47;0.84K;-14.72%
01/22/2013;5.30;4.77;5.28;4.77;0.98K;10.19%
01/21/2013;4.81;4.88;5.01;4.72;2.31K;-5.59%
01/20/2013;5.09;5.09;5.09;5.09;;2.52%
01/18/2013;4.97;5.37;5.37;4.96;0.77K;-8.64%
01/17/2013;5.44;5.46;5.49;5.40;2.06K;-0.55%
01/16/2013;5.47;5.92;5.92;5.49;2.94K;-6.97%
01/15/2013;5.88;5.68;5.98;5.68;2.23K;2.98%
01/14/2013;5.71;5.69;5.69;5.60;3.39K;-0.17%
01/11/2013;5.72;5.81;5.81;5.68;5.42K;-2.39%
01/10/2013;5.86;5.96;6.06;5.87;2.20K;-2.66%
01/09/2013;6.02;6.21;6.22;6.02;3.61K;-3.99%
01/08/2013;6.27;6.46;6.46;6.18;2.07K;-2.94%
01/07/2013;6.46;6.34;6.47;6.31;2.94K;5.21%
01/04/2013;6.14;6.18;6.18;6.11;1.37K;-0.97%
01/03/2013;6.20;6.24;6.31;6.16;4.68K;-2.67%
01/02/2013;6.37;6.50;6.55;6.30;0.07K;-1.24%
